User: USER,Path: C:\Program Files (x86)\BMG\Omega\User\Data\,Test run no.: 1886

Test name: Yeast600,Date: 8/24/2017,Time: 4:22:24 PM

ID1: Plate 19 8/24/2017,ID2: Wizard script `StYeast_30`, Prot.1, Plate 2,

Absorbance



Well Row,Well Col,Content,Raw Data (600),Raw Data (600),Raw Data (600),Raw Data (600),Raw Data (600),Raw Data (600),Raw Data (600),Raw Data (600),Raw Data (600),Raw Data (600),Raw Data (600),Raw Data (600),Raw Data (600),Raw Data (600),Raw Data (600),Raw Data (600),Raw Data (600),Raw Data (600),Raw Data (600),Raw Data (600),Raw Data (600),Raw Data (600),Raw Data (600),Raw Data (600),Raw Data (600),Raw Data (600),Raw Data (600),Raw Data (600),Raw Data (600),Raw Data (600),Raw Data (600),Raw Data (600),Raw Data (600),Raw Data (600),Raw Data (600),Raw Data (600),Raw Data (600),Raw Data (600),Raw Data (600),Raw Data (600),Raw Data (600),Raw Data (600),Raw Data (600),Raw Data (600),Raw Data (600),Raw Data (600),Raw Data (600),Raw Data (600),Raw Data (600),Raw Data (600),Raw Data (600),Raw Data (600),Raw Data (600),Raw Data (600),Raw Data (600),Raw Data (600),Raw Data (600),Raw Data (600),Raw Data (600),Raw Data (600),Raw Data (600),Raw Data (600),Raw Data (600),Raw Data (600),Raw Data (600),Raw Data (600),Raw Data (600),Raw Data (600),Raw Data (600),Raw Data (600),Raw Data (600),Raw Data (600),Raw Data (600),Raw Data (600),Raw Data (600),Raw Data (600),Raw Data (600),Raw Data (600),Raw Data (600),Raw Data (600),Raw Data (600),Raw Data (600),Raw Data (600),Raw Data (600),Raw Data (600),Raw Data (600),Raw Data (600),Raw Data (600),Raw Data (600),Raw Data (600),Raw Data (600),Raw Data (600),Raw Data (600),Raw Data (600),Raw Data (600),Raw Data (600),Raw Data (600),Raw Data (600),Raw Data (600),Raw Data (600),Raw Data (600),Raw Data (600),Raw Data (600),Raw Data (600),Raw Data (600),Raw Data (600),Raw Data (600),Raw Data (600),Raw Data (600),Raw Data (600),Raw Data (600),Raw Data (600),Raw Data (600),Raw Data (600),Raw Data (600),Raw Data (600),Raw Data (600),Raw Data (600),Raw Data (600),Raw Data (600),Raw Data (600),Raw Data (600),Raw Data (600),Raw Data (600),Raw Data (600),Raw Data (600),Raw Data (600),Raw Data (600),Raw Data (600),

,,Time,0 h ,0 h 42 min,1 h 24 min,2 h 6 min,2 h 47 min,3 h 29 min,4 h 11 min,4 h 53 min,5 h 35 min,6 h 17 min,6 h 59 min,7 h 41 min,8 h 23 min,9 h 4 min,9 h 46 min,10 h 28 min,11 h 10 min,11 h 52 min,12 h 34 min,13 h 15 min,13 h 57 min,14 h 39 min,15 h 21 min,16 h 3 min,16 h 45 min,17 h 27 min,18 h 8 min,18 h 50 min,19 h 32 min,20 h 14 min,20 h 56 min,21 h 38 min,22 h 20 min,23 h 2 min,23 h 43 min,24 h 26 min,25 h 8 min,25 h 50 min,26 h 32 min,27 h 14 min,27 h 56 min,28 h 38 min,29 h 20 min,30 h 2 min,30 h 44 min,31 h 26 min,32 h 8 min,32 h 50 min,33 h 32 min,34 h 14 min,34 h 56 min,35 h 38 min,36 h 20 min,37 h 2 min,37 h 43 min,38 h 25 min,39 h 7 min,39 h 49 min,40 h 31 min,41 h 13 min,41 h 55 min,42 h 37 min,43 h 19 min,44 h 1 min,44 h 43 min,45 h 25 min,46 h 7 min,46 h 49 min,47 h 31 min,48 h 13 min,48 h 55 min,49 h 37 min,50 h 19 min,51 h 1 min,51 h 43 min,52 h 25 min,53 h 8 min,53 h 50 min,54 h 32 min,55 h 14 min,55 h 56 min,56 h 38 min,57 h 21 min,58 h 3 min,58 h 45 min,59 h 27 min,60 h 10 min,60 h 52 min,61 h 34 min,62 h 16 min,62 h 59 min,63 h 41 min,64 h 24 min,65 h 6 min,65 h 49 min,66 h 31 min,67 h 14 min,67 h 56 min,68 h 38 min,69 h 21 min,70 h 3 min,70 h 45 min,71 h 28 min,72 h 10 min,72 h 53 min,73 h 35 min,74 h 17 min,74 h 60 min,75 h 42 min,76 h 25 min,77 h 7 min,77 h 49 min,78 h 32 min,79 h 14 min,79 h 57 min,80 h 39 min,81 h 22 min,82 h 4 min,82 h 47 min,83 h 29 min,84 h 12 min,84 h 54 min,85 h 37 min,86 h 20 min,87 h 2 min,87 h 45 min,88 h 27 min,89 h 10 min,89 h 53 min,

A,1,Sample X1,2.322,2.339,2.356,2.395,2.467,2.548,2.71,2.802,2.937,2.943,2.861,2.91,2.962,2.928,2.933,2.904,2.959,2.982,2.892,2.922,3.013,2.893,2.913,2.895,2.926,2.92,2.91,2.934,2.993,2.951,2.961,2.95,2.924,2.943,2.916,2.888,2.932,2.973,2.926,2.939,2.956,2.966,3.023,2.966,2.99,2.99,2.969,3.065,2.989,3.018,3.002,3.041,2.986,3.053,3.071,3.019,3.128,3.068,3.04,3.104,3.079,3.067,3.101,3.189,3.134,3.018,3.076,3.003,3.04,3.15,3.107,3.104,3.111,3.07,3.133,3.091,3.114,3.081,3.121,3.131,3.052,3.088,3.135,3.054,3.013,3.143,3.135,3.077,3.131,3.059,3.143,3.092,3.109,3.22,3.102,3.047,3.106,3.101,3.098,3.096,3.119,3.063,3.039,3.062,3.107,3.111,3.154,3.114,3.103,3.164,3.096,3.131,3.174,3.111,3.13,3.02,3.123,3.123,3.127,3.086,3.135,3.124,3.103,3.096,3.146,3.219,3.098,3.156,3.105,

A,2,Sample X2,0.053,0.052,0.052,0.052,0.052,0.052,0.053,0.053,0.053,0.053,0.053,0.053,0.053,0.053,0.052,0.052,0.053,0.053,0.052,0.053,0.053,0.053,0.053,0.052,0.053,0.052,0.053,0.053,0.053,0.053,0.053,0.052,0.052,0.052,0.053,0.052,0.052,0.052,0.052,0.052,0.052,0.052,0.052,0.052,0.052,0.052,0.052,0.052,0.051,0.052,0.052,0.052,0.052,0.051,0.052,0.052,0.052,0.052,0.052,0.051,0.051,0.051,0.052,0.051,0.051,0.051,0.052,0.051,0.051,0.051,0.051,0.05,0.051,0.051,0.051,0.051,0.051,0.051,0.051,0.05,0.05,0.051,0.051,0.05,0.05,0.05,0.05,0.05,0.05,0.05,0.05,0.049,0.049,0.05,0.049,0.049,0.049,0.049,0.049,0.049,0.049,0.049,0.049,0.049,0.048,0.048,0.048,0.048,0.047,0.047,0.047,0.047,0.047,0.047,0.047,0.046,0.046,0.046,0.046,0.046,0.045,0.045,0.045,0.045,0.045,0.045,0.044,0.044,0.044,

A,3,Sample X3,0.058,0.058,0.057,0.057,0.057,0.057,0.058,0.058,0.082,0.058,0.058,0.058,0.058,0.058,0.058,0.058,0.058,0.058,0.058,0.058,0.058,0.058,0.058,0.058,0.058,0.057,0.058,0.058,0.058,0.058,0.058,0.058,0.058,0.058,0.058,0.058,0.058,0.057,0.057,0.058,0.058,0.058,0.058,0.057,0.058,0.058,0.057,0.058,0.058,0.057,0.057,0.057,0.057,0.057,0.058,0.057,0.058,0.057,0.057,0.057,0.057,0.057,0.057,0.057,0.056,0.057,0.057,0.056,0.057,0.056,0.057,0.056,0.056,0.057,0.056,0.056,0.056,0.056,0.056,0.056,0.056,0.056,0.056,0.055,0.055,0.055,0.055,0.055,0.055,0.055,0.055,0.055,0.055,0.056,0.055,0.055,0.055,0.054,0.054,0.055,0.054,0.054,0.054,0.054,0.054,0.054,0.054,0.054,0.053,0.053,0.054,0.053,0.054,0.053,0.053,0.053,0.053,0.053,0.053,0.052,0.053,0.052,0.052,0.052,0.052,0.052,0.051,0.052,0.051,

A,4,Sample X4,0.055,0.055,0.055,0.054,0.054,0.055,0.055,0.055,0.177,0.055,0.055,0.062,0.056,0.055,0.06,0.056,0.055,0.055,0.105,0.055,0.055,0.056,0.056,0.055,0.056,0.055,0.056,0.059,0.055,0.055,0.055,0.055,0.055,0.055,0.055,0.055,0.055,0.054,0.054,0.054,0.055,0.054,0.054,0.054,0.054,0.054,0.054,0.054,0.054,0.054,0.054,0.053,0.054,0.053,0.053,0.054,0.054,0.053,0.053,0.053,0.053,0.052,0.054,0.053,0.053,0.052,0.053,0.052,0.052,0.052,0.052,0.052,0.052,0.052,0.052,0.052,0.052,0.051,0.051,0.051,0.051,0.051,0.051,0.05,0.05,0.05,0.049,0.05,0.049,0.049,0.049,0.049,0.049,0.049,0.048,0.048,0.047,0.048,0.047,0.046,0.046,0.046,0.046,0.045,0.044,0.044,0.043,0.043,0.042,0.041,0.041,0.041,0.04,0.039,0.038,0.037,0.036,0.035,0.034,0.032,0.028,0.026,0.024,0.024,0.024,0.024,0.023,0.025,0.025,

A,5,Sample X5,0.06,0.059,0.059,0.059,0.058,0.059,0.058,0.059,0.133,0.059,0.059,0.063,0.059,0.058,0.062,0.062,0.058,0.058,0.099,0.058,0.058,0.058,0.058,0.057,0.058,0.057,0.058,0.061,0.058,0.058,0.057,0.058,0.057,0.057,0.057,0.058,0.057,0.057,0.057,0.057,0.058,0.057,0.057,0.057,0.057,0.056,0.057,0.057,0.057,0.056,0.057,0.056,0.056,0.056,0.057,0.056,0.056,0.056,0.056,0.056,0.056,0.056,0.057,0.056,0.056,0.056,0.056,0.055,0.055,0.056,0.056,0.055,0.055,0.055,0.055,0.055,0.055,0.055,0.055,0.054,0.055,0.055,0.055,0.054,0.054,0.054,0.053,0.053,0.054,0.054,0.053,0.053,0.053,0.053,0.052,0.052,0.052,0.052,0.051,0.051,0.051,0.051,0.051,0.05,0.05,0.049,0.049,0.049,0.048,0.047,0.047,0.047,0.047,0.045,0.046,0.045,0.044,0.043,0.043,0.042,0.041,0.04,0.039,0.038,0.036,0.034,0.032,0.03,0.028,

A,6,Sample X6,0.053,0.052,0.052,0.052,0.052,0.052,0.051,0.051,0.118,0.054,0.051,0.075,0.051,0.051,0.054,0.056,0.051,0.051,0.073,0.051,0.051,0.054,0.051,0.052,0.051,0.051,0.051,0.052,0.051,0.051,0.051,0.051,0.051,0.051,0.051,0.051,0.051,0.05,0.051,0.051,0.051,0.05,0.051,0.05,0.051,0.05,0.05,0.051,0.051,0.05,0.051,0.05,0.05,0.05,0.05,0.05,0.05,0.05,0.05,0.05,0.05,0.05,0.05,0.05,0.05,0.05,0.05,0.049,0.05,0.049,0.05,0.049,0.049,0.05,0.05,0.049,0.049,0.049,0.049,0.049,0.048,0.049,0.049,0.048,0.048,0.048,0.048,0.048,0.048,0.048,0.048,0.048,0.047,0.048,0.047,0.047,0.047,0.047,0.046,0.046,0.046,0.046,0.046,0.046,0.046,0.045,0.045,0.045,0.045,0.044,0.044,0.044,0.044,0.043,0.043,0.043,0.042,0.042,0.042,0.041,0.041,0.04,0.039,0.039,0.039,0.038,0.037,0.037,0.036,

A,7,Sample X7,0.054,0.053,0.053,0.053,0.053,0.053,0.053,0.053,0.147,0.078,0.053,0.071,0.052,0.052,0.052,0.052,0.052,0.052,0.052,0.052,0.052,0.052,0.052,0.052,0.053,0.052,0.053,0.052,0.052,0.052,0.052,0.052,0.052,0.052,0.052,0.052,0.052,0.051,0.051,0.052,0.052,0.052,0.052,0.051,0.051,0.051,0.051,0.051,0.051,0.051,0.051,0.051,0.051,0.051,0.051,0.051,0.051,0.051,0.051,0.05,0.051,0.051,0.051,0.051,0.051,0.051,0.051,0.05,0.05,0.05,0.051,0.05,0.05,0.05,0.05,0.05,0.049,0.05,0.05,0.049,0.05,0.049,0.05,0.049,0.049,0.049,0.049,0.048,0.048,0.048,0.048,0.048,0.047,0.048,0.047,0.047,0.047,0.047,0.047,0.046,0.046,0.046,0.046,0.046,0.045,0.045,0.045,0.044,0.044,0.044,0.043,0.043,0.043,0.042,0.042,0.041,0.04,0.04,0.039,0.038,0.037,0.037,0.035,0.035,0.034,0.033,0.032,0.03,0.027,

A,8,Sample X8,0.058,0.057,0.057,0.057,0.056,0.057,0.056,0.057,0.11,0.06,0.056,0.056,0.056,0.056,0.055,0.056,0.056,0.056,0.056,0.055,0.055,0.056,0.056,0.055,0.055,0.055,0.056,0.055,0.055,0.055,0.055,0.055,0.054,0.054,0.055,0.054,0.054,0.054,0.054,0.055,0.055,0.054,0.055,0.053,0.054,0.054,0.054,0.054,0.054,0.054,0.054,0.054,0.053,0.054,0.054,0.054,0.054,0.053,0.054,0.053,0.053,0.053,0.054,0.053,0.053,0.053,0.053,0.052,0.053,0.052,0.053,0.052,0.052,0.052,0.053,0.052,0.052,0.052,0.052,0.051,0.052,0.051,0.051,0.051,0.051,0.051,0.051,0.05,0.05,0.051,0.05,0.05,0.05,0.05,0.049,0.049,0.048,0.049,0.048,0.048,0.047,0.047,0.047,0.046,0.046,0.045,0.045,0.045,0.044,0.043,0.043,0.042,0.042,0.041,0.041,0.04,0.039,0.038,0.037,0.036,0.034,0.033,0.029,0.029,0.028,0.026,0.025,0.026,0.025,

A,9,Sample X9,0.058,0.057,0.056,0.056,0.056,0.056,0.055,0.056,0.14,0.056,0.055,0.055,0.055,0.054,0.054,0.054,0.055,0.054,0.054,0.054,0.054,0.054,0.054,0.054,0.054,0.054,0.054,0.054,0.053,0.054,0.054,0.054,0.053,0.054,0.054,0.054,0.053,0.053,0.053,0.054,0.053,0.054,0.053,0.053,0.053,0.053,0.053,0.053,0.053,0.053,0.053,0.053,0.053,0.053,0.052,0.052,0.052,0.053,0.052,0.052,0.052,0.052,0.053,0.052,0.052,0.052,0.052,0.051,0.051,0.051,0.052,0.051,0.051,0.051,0.051,0.052,0.051,0.051,0.051,0.051,0.051,0.051,0.051,0.05,0.05,0.05,0.049,0.049,0.049,0.049,0.049,0.049,0.048,0.049,0.048,0.048,0.048,0.048,0.047,0.047,0.046,0.046,0.046,0.046,0.045,0.045,0.044,0.044,0.043,0.043,0.042,0.042,0.042,0.04,0.041,0.04,0.038,0.038,0.037,0.035,0.035,0.033,0.03,0.029,0.028,0.026,0.024,0.025,0.024,

A,10,Sample X10,0.059,0.058,0.057,0.057,0.057,0.057,0.056,0.056,0.103,0.056,0.056,0.055,0.055,0.055,0.054,0.054,0.055,0.054,0.054,0.054,0.054,0.054,0.054,0.054,0.054,0.053,0.054,0.054,0.053,0.053,0.053,0.053,0.053,0.053,0.053,0.053,0.053,0.053,0.053,0.053,0.053,0.053,0.053,0.053,0.053,0.052,0.053,0.053,0.052,0.052,0.053,0.052,0.052,0.052,0.052,0.052,0.052,0.052,0.052,0.051,0.052,0.052,0.052,0.052,0.051,0.051,0.052,0.051,0.051,0.051,0.051,0.051,0.051,0.051,0.051,0.051,0.051,0.05,0.05,0.05,0.05,0.05,0.05,0.049,0.049,0.049,0.049,0.049,0.049,0.048,0.048,0.047,0.047,0.047,0.046,0.046,0.046,0.046,0.045,0.044,0.045,0.044,0.043,0.043,0.042,0.041,0.041,0.04,0.039,0.038,0.037,0.037,0.036,0.034,0.032,0.029,0.028,0.025,0.023,0.022,0.022,0.021,0.021,0.022,0.022,0.023,0.024,0.025,0.025,

A,11,Sample X11,0.058,0.057,0.056,0.056,0.055,0.055,0.055,0.054,0.054,0.054,0.054,0.054,0.054,0.053,0.053,0.053,0.053,0.053,0.053,0.053,0.052,0.053,0.052,0.052,0.053,0.052,0.052,0.052,0.052,0.052,0.052,0.052,0.051,0.052,0.051,0.052,0.052,0.051,0.051,0.051,0.052,0.051,0.051,0.051,0.051,0.051,0.051,0.051,0.05,0.051,0.051,0.051,0.051,0.051,0.051,0.051,0.051,0.051,0.051,0.05,0.05,0.05,0.051,0.05,0.05,0.05,0.051,0.05,0.05,0.05,0.05,0.049,0.049,0.049,0.049,0.049,0.049,0.049,0.049,0.048,0.048,0.048,0.048,0.048,0.048,0.048,0.047,0.047,0.047,0.047,0.046,0.046,0.045,0.045,0.045,0.044,0.044,0.044,0.043,0.043,0.043,0.042,0.042,0.041,0.04,0.04,0.039,0.039,0.037,0.037,0.035,0.035,0.034,0.032,0.029,0.027,0.024,0.024,0.023,0.022,0.022,0.022,0.021,0.021,0.022,0.022,0.022,0.023,0.022,

A,12,Sample X12,0.058,0.057,0.057,0.056,0.056,0.056,0.055,0.056,0.054,0.055,0.054,0.054,0.054,0.054,0.053,0.053,0.053,0.053,0.053,0.053,0.053,0.052,0.053,0.052,0.052,0.052,0.052,0.052,0.052,0.052,0.052,0.051,0.051,0.052,0.052,0.052,0.051,0.051,0.051,0.051,0.052,0.051,0.051,0.051,0.051,0.051,0.051,0.051,0.051,0.051,0.051,0.051,0.051,0.051,0.05,0.05,0.05,0.05,0.05,0.05,0.05,0.05,0.05,0.05,0.05,0.049,0.05,0.049,0.049,0.048,0.049,0.048,0.048,0.048,0.048,0.048,0.047,0.047,0.047,0.046,0.046,0.046,0.045,0.044,0.044,0.044,0.043,0.043,0.042,0.041,0.04,0.04,0.038,0.038,0.036,0.035,0.034,0.032,0.027,0.027,0.025,0.023,0.023,0.022,0.021,0.021,0.021,0.021,0.022,0.022,0.023,0.023,0.024,0.023,0.024,0.024,0.024,0.023,0.024,0.023,0.024,0.024,0.024,0.024,0.024,0.024,0.023,0.024,0.024,

B,1,Sample X13,0.023,0.023,0.023,0.023,0.024,0.024,0.024,0.024,0.024,0.024,0.024,0.03,0.024,0.024,0.024,0.024,0.023,0.024,0.023,0.022,0.023,0.023,0.023,0.024,0.024,0.024,0.025,0.024,0.024,0.025,0.025,0.025,0.025,0.026,0.026,0.026,0.026,0.026,0.026,0.026,0.025,0.025,0.024,0.024,0.024,0.024,0.025,0.024,0.024,0.025,0.025,0.025,0.025,0.024,0.024,0.025,0.025,0.025,0.025,0.025,0.025,0.025,0.025,0.026,0.025,0.025,0.025,0.025,0.025,0.025,0.025,0.025,0.025,0.025,0.025,0.025,0.026,0.025,0.025,0.025,0.025,0.026,0.025,0.025,0.025,0.025,0.025,0.025,0.024,0.025,0.024,0.025,0.024,0.025,0.024,0.024,0.025,0.025,0.025,0.026,0.025,0.025,0.026,0.025,0.025,0.026,0.026,0.025,0.026,0.026,0.026,0.026,0.025,0.025,0.026,0.026,0.025,0.025,0.025,0.025,0.026,0.026,0.026,0.026,0.026,0.026,0.026,0.026,0.027,

B,2,Sample X14,0.032,0.034,0.035,0.038,0.041,0.046,0.052,0.059,0.128,0.08,0.093,0.125,0.134,0.163,0.199,0.243,0.296,0.362,0.436,0.519,0.614,0.7,0.798,0.893,0.98,1.042,1.08,1.104,1.099,1.098,1.095,1.104,1.103,1.112,1.11,1.101,1.109,1.114,1.109,1.112,1.113,1.108,1.111,1.112,1.112,1.112,1.111,1.113,1.107,1.116,1.115,1.109,1.11,1.117,1.115,1.115,1.117,1.117,1.112,1.115,1.115,1.115,1.121,1.124,1.125,1.129,1.126,1.126,1.127,1.13,1.128,1.134,1.133,1.128,1.136,1.135,1.133,1.141,1.137,1.139,1.137,1.138,1.135,1.14,1.135,1.135,1.137,1.139,1.139,1.138,1.137,1.143,1.141,1.138,1.141,1.135,1.135,1.137,1.133,1.135,1.142,1.138,1.138,1.138,1.135,1.136,1.131,1.133,1.135,1.132,1.129,1.133,1.136,1.129,1.129,1.127,1.129,1.133,1.134,1.125,1.131,1.131,1.127,1.132,1.132,1.129,1.128,1.125,1.132,

B,3,Sample X15,0.034,0.036,0.039,0.041,0.045,0.05,0.055,0.063,0.131,0.134,0.097,0.166,0.152,0.171,0.246,0.281,0.308,0.376,0.493,0.535,0.632,0.76,0.839,0.918,1.031,1.081,1.116,1.157,1.121,1.136,1.158,1.14,1.143,1.145,1.145,1.147,1.144,1.144,1.15,1.143,1.144,1.149,1.152,1.15,1.155,1.16,1.156,1.157,1.155,1.151,1.152,1.156,1.157,1.158,1.16,1.161,1.163,1.16,1.161,1.16,1.159,1.158,1.161,1.157,1.155,1.155,1.155,1.158,1.161,1.159,1.164,1.159,1.161,1.162,1.166,1.167,1.169,1.167,1.172,1.173,1.173,1.172,1.171,1.17,1.169,1.167,1.171,1.171,1.172,1.171,1.174,1.171,1.169,1.167,1.168,1.166,1.166,1.164,1.163,1.163,1.167,1.165,1.164,1.163,1.164,1.166,1.164,1.163,1.164,1.162,1.163,1.163,1.165,1.165,1.167,1.166,1.167,1.168,1.168,1.166,1.169,1.169,1.167,1.168,1.167,1.168,1.167,1.166,1.165,

B,4,Sample X16,0.035,0.037,0.039,0.042,0.047,0.052,0.08,0.11,0.17,0.179,0.172,0.232,0.229,0.25,0.319,0.375,0.421,0.453,0.61,0.686,0.754,0.885,0.969,1.039,1.139,1.198,1.198,1.231,1.226,1.199,1.24,1.232,1.23,1.235,1.207,1.222,1.231,1.217,1.246,1.249,1.22,1.244,1.243,1.218,1.227,1.246,1.219,1.221,1.246,1.222,1.22,1.248,1.217,1.218,1.218,1.233,1.219,1.22,1.22,1.219,1.225,1.226,1.224,1.224,1.227,1.228,1.227,1.228,1.228,1.232,1.232,1.235,1.234,1.236,1.24,1.24,1.242,1.239,1.236,1.235,1.236,1.236,1.236,1.238,1.237,1.239,1.238,1.238,1.239,1.238,1.235,1.236,1.237,1.237,1.234,1.233,1.233,1.23,1.233,1.233,1.233,1.233,1.234,1.237,1.233,1.236,1.237,1.234,1.233,1.233,1.23,1.231,1.231,1.231,1.232,1.231,1.23,1.232,1.23,1.228,1.229,1.231,1.231,1.232,1.234,1.236,1.232,1.235,1.23,

B,5,Sample X17,0.036,0.039,0.042,0.045,0.049,0.056,0.069,0.11,0.141,0.169,0.157,0.203,0.224,0.248,0.311,0.369,0.427,0.462,0.598,0.682,0.771,0.897,0.992,1.059,1.153,1.217,1.229,1.247,1.247,1.232,1.255,1.25,1.251,1.258,1.253,1.248,1.26,1.245,1.268,1.263,1.25,1.265,1.265,1.246,1.252,1.262,1.246,1.249,1.266,1.261,1.248,1.27,1.262,1.251,1.25,1.261,1.252,1.246,1.249,1.249,1.252,1.253,1.251,1.248,1.253,1.251,1.255,1.251,1.249,1.248,1.25,1.248,1.249,1.253,1.253,1.249,1.25,1.255,1.254,1.255,1.258,1.26,1.26,1.257,1.257,1.258,1.256,1.256,1.259,1.255,1.254,1.257,1.256,1.258,1.256,1.257,1.255,1.257,1.258,1.26,1.259,1.258,1.253,1.26,1.259,1.259,1.256,1.256,1.258,1.259,1.26,1.259,1.257,1.257,1.258,1.259,1.258,1.257,1.255,1.257,1.257,1.256,1.26,1.259,1.258,1.261,1.261,1.262,1.255,

B,6,Sample X18,0.037,0.039,0.042,0.045,0.05,0.056,0.063,0.106,0.159,0.183,0.173,0.227,0.235,0.253,0.317,0.38,0.423,0.444,0.6,0.662,0.748,0.861,0.958,1.022,1.118,1.181,1.202,1.218,1.221,1.196,1.223,1.219,1.22,1.226,1.218,1.217,1.23,1.208,1.225,1.226,1.207,1.228,1.23,1.212,1.21,1.224,1.21,1.213,1.227,1.222,1.219,1.233,1.221,1.213,1.214,1.218,1.214,1.211,1.214,1.209,1.208,1.211,1.216,1.216,1.211,1.216,1.214,1.212,1.215,1.214,1.219,1.217,1.215,1.214,1.219,1.214,1.214,1.216,1.213,1.212,1.215,1.217,1.213,1.211,1.212,1.211,1.21,1.212,1.211,1.206,1.21,1.21,1.207,1.207,1.212,1.209,1.208,1.209,1.202,1.208,1.209,1.209,1.209,1.211,1.21,1.213,1.213,1.212,1.212,1.215,1.212,1.216,1.217,1.215,1.214,1.217,1.216,1.218,1.22,1.217,1.216,1.219,1.217,1.219,1.216,1.217,1.217,1.215,1.217,

B,7,Sample X19,0.037,0.04,0.043,0.046,0.049,0.056,0.062,0.102,0.17,0.184,0.176,0.223,0.235,0.248,0.317,0.372,0.415,0.437,0.586,0.643,0.72,0.869,0.97,1.022,1.13,1.196,1.22,1.24,1.237,1.224,1.259,1.239,1.238,1.239,1.231,1.241,1.236,1.219,1.247,1.242,1.23,1.254,1.248,1.234,1.233,1.249,1.236,1.229,1.25,1.234,1.235,1.258,1.248,1.241,1.248,1.245,1.243,1.234,1.241,1.233,1.236,1.236,1.235,1.237,1.24,1.238,1.24,1.235,1.24,1.243,1.242,1.233,1.234,1.24,1.238,1.236,1.241,1.236,1.239,1.236,1.238,1.233,1.242,1.232,1.232,1.236,1.229,1.23,1.236,1.235,1.236,1.233,1.235,1.232,1.228,1.23,1.229,1.23,1.236,1.23,1.236,1.232,1.232,1.24,1.239,1.236,1.239,1.232,1.239,1.24,1.24,1.235,1.237,1.241,1.236,1.239,1.238,1.232,1.236,1.232,1.231,1.236,1.236,1.232,1.239,1.238,1.23,1.24,1.226,

B,8,Sample X20,0.036,0.039,0.041,0.044,0.048,0.053,0.06,0.078,0.138,0.135,0.117,0.154,0.171,0.194,0.249,0.298,0.345,0.373,0.476,0.552,0.629,0.748,0.808,0.892,0.98,1.073,1.12,1.148,1.145,1.137,1.147,1.153,1.148,1.155,1.146,1.148,1.158,1.149,1.157,1.163,1.145,1.16,1.157,1.151,1.149,1.156,1.152,1.157,1.159,1.161,1.157,1.169,1.154,1.154,1.152,1.151,1.151,1.152,1.15,1.149,1.152,1.152,1.155,1.152,1.153,1.156,1.152,1.154,1.158,1.156,1.161,1.161,1.159,1.158,1.163,1.162,1.16,1.17,1.163,1.17,1.167,1.173,1.167,1.166,1.168,1.17,1.168,1.173,1.167,1.17,1.166,1.174,1.166,1.17,1.167,1.166,1.163,1.167,1.157,1.166,1.159,1.166,1.161,1.162,1.163,1.163,1.165,1.165,1.162,1.163,1.161,1.164,1.163,1.158,1.159,1.159,1.161,1.164,1.165,1.161,1.162,1.165,1.16,1.163,1.162,1.164,1.164,1.162,1.172,

B,9,Sample X21,0.04,0.042,0.044,0.047,0.051,0.056,0.062,0.084,0.153,0.17,0.139,0.167,0.181,0.179,0.227,0.257,0.28,0.293,0.399,0.448,0.496,0.615,0.704,0.756,0.865,0.947,1.006,1.105,1.144,1.146,1.186,1.177,1.178,1.191,1.179,1.18,1.187,1.17,1.191,1.195,1.174,1.195,1.192,1.173,1.18,1.191,1.174,1.176,1.189,1.175,1.175,1.194,1.176,1.175,1.175,1.177,1.177,1.177,1.175,1.179,1.18,1.179,1.181,1.176,1.18,1.181,1.179,1.177,1.178,1.176,1.177,1.178,1.178,1.178,1.178,1.177,1.178,1.174,1.176,1.177,1.175,1.175,1.179,1.176,1.175,1.177,1.171,1.173,1.174,1.171,1.17,1.175,1.173,1.169,1.169,1.168,1.169,1.171,1.172,1.175,1.168,1.173,1.171,1.171,1.17,1.17,1.174,1.171,1.173,1.176,1.176,1.174,1.178,1.177,1.179,1.181,1.179,1.18,1.179,1.178,1.178,1.176,1.175,1.173,1.172,1.175,1.177,1.177,1.174,

B,10,Sample X22,0.035,0.037,0.039,0.042,0.046,0.052,0.058,0.069,0.148,0.156,0.157,0.204,0.212,0.232,0.294,0.351,0.396,0.455,0.581,0.659,0.739,0.871,0.954,1.014,1.112,1.188,1.212,1.254,1.249,1.237,1.26,1.254,1.256,1.262,1.243,1.255,1.262,1.25,1.261,1.262,1.248,1.262,1.26,1.252,1.255,1.255,1.256,1.256,1.259,1.26,1.261,1.261,1.26,1.262,1.262,1.266,1.265,1.265,1.265,1.266,1.264,1.265,1.265,1.265,1.269,1.266,1.26,1.26,1.262,1.261,1.262,1.264,1.263,1.264,1.264,1.262,1.261,1.263,1.261,1.261,1.264,1.261,1.262,1.261,1.266,1.266,1.265,1.269,1.266,1.264,1.26,1.261,1.26,1.259,1.258,1.255,1.257,1.257,1.258,1.261,1.263,1.261,1.259,1.263,1.26,1.266,1.266,1.263,1.268,1.268,1.264,1.268,1.272,1.269,1.268,1.273,1.267,1.271,1.274,1.272,1.276,1.278,1.271,1.274,1.276,1.272,1.275,1.277,1.28,

B,11,Sample X23,0.037,0.038,0.041,0.044,0.048,0.053,0.058,0.064,0.124,0.139,0.115,0.141,0.144,0.14,0.204,0.239,0.243,0.277,0.367,0.397,0.463,0.579,0.654,0.713,0.82,0.892,0.97,1.086,1.089,1.131,1.154,1.138,1.136,1.152,1.134,1.136,1.13,1.135,1.141,1.138,1.143,1.144,1.148,1.145,1.145,1.154,1.15,1.147,1.161,1.155,1.155,1.158,1.154,1.151,1.151,1.159,1.157,1.155,1.159,1.156,1.154,1.155,1.15,1.152,1.152,1.152,1.154,1.157,1.151,1.154,1.153,1.154,1.157,1.157,1.155,1.161,1.164,1.153,1.159,1.163,1.16,1.158,1.162,1.163,1.163,1.16,1.161,1.156,1.161,1.161,1.163,1.162,1.161,1.164,1.158,1.162,1.166,1.162,1.161,1.165,1.165,1.165,1.163,1.157,1.158,1.159,1.157,1.159,1.16,1.156,1.163,1.155,1.156,1.159,1.161,1.161,1.159,1.158,1.161,1.158,1.159,1.16,1.158,1.157,1.156,1.161,1.153,1.16,1.16,

B,12,Sample X24,0.023,0.023,0.023,0.024,0.024,0.025,0.025,0.026,0.04,0.026,0.053,0.028,0.027,0.028,0.026,0.026,0.026,0.025,0.025,0.025,0.025,0.025,0.025,0.025,0.025,0.025,0.025,0.025,0.025,0.025,0.025,0.025,0.025,0.025,0.025,0.025,0.025,0.025,0.025,0.025,0.024,0.025,0.024,0.024,0.024,0.024,0.024,0.024,0.024,0.025,0.024,0.025,0.025,0.024,0.025,0.025,0.025,0.025,0.025,0.026,0.026,0.026,0.026,0.026,0.026,0.026,0.026,0.025,0.026,0.025,0.025,0.025,0.025,0.025,0.025,0.025,0.025,0.025,0.025,0.025,0.025,0.025,0.025,0.025,0.025,0.026,0.025,0.025,0.026,0.026,0.026,0.026,0.026,0.026,0.026,0.026,0.026,0.026,0.026,0.026,0.026,0.025,0.025,0.026,0.026,0.026,0.026,0.026,0.026,0.026,0.026,0.027,0.027,0.027,0.026,0.027,0.027,0.027,0.027,0.027,0.027,0.027,0.03,0.027,0.028,0.027,0.027,0.028,0.028,

C,1,Sample X25,0.023,0.024,0.023,0.023,0.024,0.025,0.025,0.025,0.099,0.079,0.026,0.095,0.029,0.025,0.07,0.05,0.025,0.025,0.068,0.028,0.025,0.071,0.042,0.026,0.063,0.026,0.027,0.07,0.025,0.026,0.035,0.025,0.056,0.026,0.026,0.025,0.026,0.025,0.054,0.026,0.026,0.036,0.027,0.026,0.033,0.025,0.025,0.025,0.037,0.025,0.026,0.057,0.025,0.025,0.025,0.026,0.025,0.025,0.025,0.025,0.025,0.025,0.026,0.025,0.026,0.025,0.025,0.025,0.026,0.025,0.026,0.025,0.026,0.026,0.026,0.026,0.026,0.026,0.026,0.026,0.026,0.026,0.026,0.026,0.026,0.026,0.026,0.026,0.026,0.027,0.027,0.025,0.026,0.026,0.026,0.026,0.025,0.026,0.025,0.025,0.026,0.025,0.025,0.025,0.025,0.025,0.026,0.026,0.026,0.026,0.026,0.027,0.026,0.026,0.027,0.026,0.026,0.026,0.026,0.026,0.026,0.027,0.026,0.026,0.027,0.026,0.026,0.027,0.026,

C,2,Sample X26,0.038,0.039,0.04,0.041,0.043,0.045,0.048,0.058,0.167,0.152,0.112,0.17,0.155,0.117,0.19,0.212,0.159,0.19,0.304,0.323,0.339,0.447,0.532,0.571,0.697,0.774,0.857,0.991,1.051,1.09,1.134,1.13,1.139,1.138,1.127,1.124,1.141,1.129,1.148,1.15,1.133,1.149,1.152,1.133,1.145,1.155,1.138,1.138,1.158,1.139,1.141,1.161,1.141,1.143,1.142,1.153,1.141,1.143,1.146,1.146,1.148,1.152,1.153,1.157,1.155,1.159,1.153,1.152,1.157,1.154,1.155,1.155,1.158,1.156,1.16,1.159,1.156,1.158,1.16,1.157,1.16,1.162,1.155,1.16,1.159,1.16,1.161,1.165,1.166,1.16,1.162,1.162,1.162,1.161,1.163,1.165,1.164,1.162,1.162,1.163,1.168,1.164,1.165,1.162,1.165,1.165,1.159,1.162,1.159,1.164,1.161,1.164,1.163,1.159,1.158,1.162,1.159,1.159,1.159,1.159,1.16,1.159,1.156,1.157,1.165,1.161,1.159,1.159,1.161,

C,3,Sample X27,0.034,0.035,0.036,0.037,0.039,0.042,0.046,0.088,0.152,0.154,0.122,0.143,0.139,0.13,0.157,0.176,0.178,0.177,0.269,0.294,0.328,0.422,0.493,0.559,0.658,0.75,0.79,0.924,1.001,1.046,1.112,1.109,1.108,1.118,1.104,1.104,1.107,1.107,1.113,1.119,1.105,1.116,1.121,1.111,1.107,1.125,1.115,1.102,1.125,1.109,1.117,1.136,1.12,1.116,1.118,1.128,1.114,1.119,1.115,1.12,1.122,1.122,1.117,1.126,1.124,1.125,1.127,1.117,1.123,1.125,1.123,1.121,1.125,1.123,1.127,1.13,1.125,1.127,1.129,1.123,1.13,1.134,1.131,1.129,1.131,1.133,1.133,1.13,1.133,1.131,1.134,1.134,1.131,1.132,1.132,1.133,1.134,1.137,1.134,1.135,1.139,1.137,1.138,1.138,1.138,1.142,1.138,1.133,1.137,1.139,1.137,1.13,1.14,1.139,1.136,1.141,1.135,1.143,1.141,1.141,1.143,1.143,1.146,1.142,1.15,1.136,1.142,1.135,1.135,

C,4,Sample X28,0.034,0.035,0.036,0.038,0.04,0.043,0.046,0.073,0.117,0.14,0.112,0.141,0.141,0.141,0.164,0.207,0.212,0.205,0.306,0.343,0.375,0.482,0.559,0.633,0.738,0.837,0.884,0.999,1.076,1.139,1.202,1.192,1.199,1.204,1.189,1.192,1.202,1.192,1.197,1.21,1.192,1.208,1.214,1.198,1.193,1.212,1.197,1.191,1.219,1.212,1.197,1.228,1.214,1.202,1.198,1.216,1.197,1.201,1.204,1.204,1.205,1.204,1.207,1.21,1.207,1.207,1.206,1.204,1.21,1.213,1.213,1.214,1.217,1.213,1.218,1.218,1.216,1.217,1.219,1.22,1.221,1.224,1.22,1.228,1.226,1.226,1.231,1.229,1.227,1.226,1.224,1.226,1.223,1.219,1.222,1.22,1.217,1.218,1.214,1.218,1.222,1.219,1.22,1.222,1.221,1.224,1.223,1.217,1.225,1.224,1.22,1.218,1.226,1.224,1.224,1.228,1.226,1.229,1.224,1.226,1.229,1.229,1.226,1.224,1.232,1.223,1.224,1.223,1.221,

C,5,Sample X29,0.038,0.039,0.04,0.042,0.044,0.048,0.051,0.06,0.11,0.136,0.112,0.141,0.144,0.14,0.168,0.209,0.227,0.231,0.331,0.367,0.411,0.529,0.621,0.699,0.809,0.916,0.98,1.102,1.183,1.234,1.304,1.309,1.312,1.319,1.31,1.306,1.322,1.31,1.314,1.322,1.308,1.328,1.327,1.312,1.311,1.329,1.314,1.312,1.329,1.32,1.318,1.335,1.321,1.314,1.319,1.327,1.319,1.317,1.318,1.321,1.32,1.322,1.323,1.319,1.317,1.32,1.321,1.32,1.316,1.32,1.322,1.323,1.323,1.324,1.324,1.324,1.324,1.329,1.329,1.327,1.329,1.33,1.329,1.329,1.329,1.328,1.33,1.331,1.328,1.325,1.329,1.328,1.328,1.327,1.33,1.326,1.325,1.325,1.325,1.322,1.327,1.324,1.323,1.323,1.325,1.323,1.321,1.321,1.323,1.325,1.325,1.326,1.33,1.325,1.326,1.326,1.325,1.327,1.329,1.327,1.33,1.328,1.324,1.324,1.328,1.327,1.328,1.325,1.322,

C,6,Sample X30,0.034,0.035,0.036,0.038,0.039,0.042,0.044,0.048,0.102,0.123,0.102,0.139,0.125,0.123,0.142,0.18,0.189,0.189,0.278,0.316,0.332,0.443,0.539,0.583,0.711,0.804,0.849,0.957,1.059,1.095,1.153,1.134,1.13,1.153,1.135,1.143,1.146,1.137,1.138,1.152,1.139,1.158,1.159,1.144,1.147,1.154,1.145,1.138,1.154,1.142,1.143,1.161,1.143,1.147,1.144,1.142,1.144,1.146,1.146,1.149,1.144,1.149,1.143,1.145,1.146,1.149,1.147,1.145,1.151,1.154,1.151,1.15,1.152,1.153,1.156,1.159,1.153,1.152,1.153,1.155,1.149,1.158,1.15,1.155,1.151,1.153,1.154,1.151,1.151,1.152,1.155,1.157,1.153,1.159,1.156,1.156,1.15,1.154,1.152,1.152,1.16,1.162,1.159,1.158,1.156,1.164,1.159,1.153,1.159,1.161,1.158,1.152,1.162,1.16,1.157,1.158,1.157,1.163,1.158,1.16,1.163,1.161,1.169,1.165,1.171,1.165,1.162,1.163,1.158,

C,7,Sample X31,0.035,0.036,0.037,0.038,0.04,0.043,0.046,0.049,0.113,0.117,0.099,0.12,0.126,0.105,0.145,0.18,0.183,0.175,0.264,0.288,0.307,0.412,0.498,0.527,0.646,0.761,0.801,0.924,1.011,1.056,1.113,1.104,1.099,1.124,1.103,1.105,1.127,1.108,1.118,1.127,1.105,1.118,1.127,1.109,1.109,1.126,1.113,1.112,1.126,1.111,1.112,1.127,1.112,1.114,1.113,1.116,1.113,1.114,1.111,1.111,1.114,1.117,1.114,1.114,1.113,1.113,1.112,1.114,1.116,1.115,1.116,1.118,1.113,1.112,1.117,1.119,1.12,1.119,1.119,1.12,1.124,1.124,1.122,1.124,1.122,1.123,1.123,1.123,1.124,1.124,1.127,1.129,1.129,1.125,1.123,1.124,1.124,1.127,1.127,1.129,1.13,1.127,1.127,1.127,1.128,1.13,1.13,1.126,1.131,1.129,1.127,1.13,1.13,1.128,1.127,1.131,1.129,1.13,1.13,1.128,1.127,1.128,1.131,1.13,1.136,1.13,1.134,1.133,1.133,

C,8,Sample X32,0.036,0.037,0.038,0.04,0.042,0.045,0.048,0.052,0.123,0.128,0.103,0.141,0.144,0.121,0.158,0.187,0.197,0.186,0.289,0.308,0.315,0.44,0.508,0.548,0.665,0.773,0.821,0.946,1.025,1.096,1.189,1.199,1.199,1.227,1.206,1.212,1.22,1.208,1.226,1.234,1.211,1.224,1.23,1.215,1.215,1.231,1.219,1.208,1.225,1.213,1.215,1.239,1.217,1.222,1.225,1.219,1.217,1.22,1.216,1.219,1.221,1.225,1.222,1.224,1.22,1.226,1.222,1.219,1.221,1.224,1.221,1.22,1.223,1.223,1.226,1.227,1.224,1.223,1.222,1.223,1.224,1.225,1.22,1.22,1.216,1.217,1.218,1.217,1.22,1.222,1.221,1.221,1.222,1.223,1.223,1.221,1.222,1.221,1.223,1.224,1.227,1.221,1.224,1.223,1.224,1.229,1.226,1.222,1.226,1.228,1.226,1.226,1.23,1.23,1.229,1.234,1.226,1.232,1.228,1.232,1.231,1.232,1.234,1.235,1.236,1.23,1.23,1.228,1.228,

C,9,Sample X33,0.035,0.037,0.037,0.039,0.04,0.042,0.044,0.046,0.113,0.127,0.088,0.119,0.099,0.087,0.117,0.136,0.121,0.099,0.169,0.163,0.145,0.216,0.246,0.233,0.301,0.362,0.374,0.473,0.537,0.601,0.71,0.78,0.866,0.962,1.024,1.08,1.134,1.127,1.143,1.156,1.135,1.151,1.155,1.141,1.141,1.149,1.139,1.133,1.137,1.141,1.144,1.137,1.141,1.149,1.149,1.149,1.14,1.134,1.134,1.134,1.136,1.136,1.137,1.14,1.145,1.146,1.147,1.145,1.145,1.148,1.148,1.146,1.151,1.147,1.157,1.161,1.151,1.153,1.151,1.148,1.149,1.151,1.151,1.153,1.149,1.156,1.152,1.157,1.16,1.149,1.16,1.152,1.154,1.147,1.15,1.149,1.155,1.146,1.149,1.147,1.151,1.147,1.151,1.149,1.148,1.155,1.151,1.152,1.153,1.158,1.152,1.158,1.16,1.158,1.156,1.161,1.156,1.159,1.154,1.157,1.157,1.157,1.158,1.159,1.163,1.155,1.154,1.156,1.159,

C,10,Sample X34,0.04,0.043,0.044,0.047,0.05,0.055,0.061,0.069,0.15,0.148,0.131,0.181,0.176,0.172,0.23,0.268,0.302,0.365,0.481,0.547,0.63,0.76,0.873,0.955,1.068,1.164,1.248,1.332,1.375,1.407,1.425,1.425,1.424,1.436,1.427,1.426,1.427,1.428,1.435,1.437,1.431,1.43,1.434,1.432,1.429,1.43,1.436,1.437,1.436,1.433,1.439,1.439,1.437,1.435,1.438,1.44,1.439,1.44,1.443,1.436,1.438,1.438,1.44,1.44,1.44,1.44,1.439,1.436,1.437,1.435,1.434,1.437,1.441,1.438,1.443,1.438,1.442,1.44,1.444,1.443,1.448,1.444,1.447,1.446,1.444,1.447,1.444,1.446,1.452,1.45,1.454,1.45,1.448,1.45,1.444,1.447,1.45,1.452,1.453,1.45,1.456,1.454,1.456,1.46,1.454,1.454,1.455,1.459,1.454,1.46,1.456,1.458,1.458,1.458,1.457,1.455,1.454,1.458,1.457,1.456,1.457,1.458,1.459,1.459,1.46,1.468,1.463,1.46,1.464,

C,11,Sample X35,0.043,0.045,0.048,0.049,0.05,0.055,0.057,0.058,0.07,0.068,0.07,0.076,0.082,0.086,0.103,0.109,0.111,0.117,0.143,0.159,0.175,0.209,0.234,0.268,0.309,0.363,0.414,0.48,0.555,0.629,0.705,0.789,0.863,0.941,1.01,1.076,1.102,1.113,1.119,1.12,1.114,1.118,1.114,1.123,1.128,1.132,1.127,1.129,1.129,1.129,1.126,1.134,1.131,1.128,1.129,1.131,1.132,1.134,1.131,1.128,1.127,1.133,1.133,1.13,1.134,1.137,1.133,1.133,1.132,1.135,1.134,1.133,1.137,1.133,1.137,1.135,1.137,1.135,1.134,1.133,1.135,1.134,1.134,1.132,1.137,1.135,1.133,1.134,1.135,1.134,1.133,1.132,1.131,1.134,1.135,1.137,1.132,1.134,1.135,1.137,1.138,1.137,1.138,1.14,1.14,1.142,1.141,1.139,1.142,1.145,1.146,1.141,1.143,1.141,1.142,1.138,1.14,1.142,1.145,1.147,1.146,1.148,1.149,1.149,1.145,1.149,1.146,1.149,1.152,

C,12,Sample X36,0.024,0.024,0.023,0.024,0.023,0.025,0.024,0.025,0.105,0.026,0.025,0.064,0.025,0.025,0.025,0.025,0.026,0.025,0.028,0.026,0.026,0.026,0.025,0.025,0.025,0.025,0.025,0.024,0.024,0.024,0.024,0.024,0.025,0.025,0.025,0.025,0.025,0.024,0.024,0.025,0.025,0.024,0.024,0.024,0.024,0.024,0.024,0.024,0.024,0.024,0.024,0.024,0.024,0.024,0.024,0.025,0.024,0.024,0.024,0.024,0.024,0.024,0.025,0.025,0.025,0.025,0.024,0.024,0.024,0.024,0.025,0.024,0.025,0.025,0.025,0.025,0.025,0.025,0.026,0.025,0.025,0.026,0.026,0.025,0.025,0.026,0.026,0.026,0.026,0.026,0.026,0.025,0.025,0.026,0.025,0.025,0.025,0.026,0.025,0.026,0.026,0.026,0.026,0.026,0.026,0.026,0.026,0.026,0.026,0.026,0.026,0.027,0.027,0.026,0.027,0.027,0.027,0.026,0.027,0.026,0.027,0.027,0.027,0.027,0.028,0.028,0.027,0.027,0.028,

D,1,Sample X37,0.029,0.029,0.028,0.028,0.028,0.029,0.028,0.034,0.117,0.096,0.049,0.098,0.076,0.042,0.081,0.07,0.046,0.028,0.08,0.071,0.03,0.086,0.075,0.029,0.076,0.052,0.028,0.068,0.038,0.029,0.057,0.03,0.054,0.049,0.029,0.035,0.03,0.029,0.059,0.029,0.03,0.06,0.03,0.029,0.044,0.044,0.029,0.028,0.067,0.042,0.029,0.084,0.045,0.029,0.082,0.063,0.029,0.029,0.03,0.029,0.029,0.029,0.03,0.03,0.03,0.029,0.03,0.029,0.03,0.029,0.03,0.029,0.029,0.03,0.03,0.03,0.03,0.03,0.03,0.03,0.03,0.03,0.03,0.03,0.029,0.03,0.029,0.029,0.03,0.03,0.03,0.03,0.029,0.03,0.029,0.029,0.029,0.029,0.029,0.029,0.029,0.029,0.029,0.029,0.029,0.029,0.029,0.03,0.029,0.03,0.03,0.03,0.03,0.03,0.03,0.03,0.03,0.03,0.03,0.03,0.03,0.03,0.032,0.03,0.03,0.031,0.03,0.031,0.031,

D,2,Sample X38,0.033,0.034,0.034,0.035,0.036,0.038,0.04,0.105,0.171,0.125,0.107,0.131,0.127,0.088,0.075,0.086,0.412,0.107,0.679,0.16,0.634,0.263,0.558,0.723,0.382,0.858,0.755,0.611,0.955,0.882,0.854,0.927,1.11,1,0.984,1.148,0.986,0.991,1.244,0.992,0.987,0.995,1.209,0.996,0.992,1.159,0.995,0.998,1.002,0.998,0.999,1.102,1,1.003,1.189,1,1.002,1.005,1.177,1.008,1.095,1.025,1.017,1.017,1.02,1.018,1.015,1.016,1.014,1.016,1.017,1.017,1.016,1.021,1.021,1.019,1.02,1.019,1.02,1.018,1.016,1.02,1.018,1.023,1.022,1.021,1.027,1.023,1.027,1.024,1.031,1.027,1.031,1.024,1.038,1.027,1.033,1.035,1.039,1.039,1.043,1.029,1.042,1.026,1.028,1.032,1.049,1.027,1.027,1.028,1.024,1.024,1.028,1.026,1.027,1.027,1.028,1.026,1.029,1.026,1.03,1.031,1.028,1.03,1.03,1.028,1.029,1.03,1.028,

D,3,Sample X39,0.036,0.039,0.057,0.058,0.055,0.06,0.051,0.078,0.079,0.148,0.098,0.077,0.205,0.146,0.11,0.173,0.249,0.144,0.216,0.331,0.268,0.419,0.433,0.46,0.592,0.648,0.737,0.833,1.016,1.03,1.141,1.211,1.229,1.251,1.249,1.246,1.254,1.255,1.253,1.267,1.256,1.261,1.258,1.257,1.259,1.264,1.256,1.254,1.266,1.265,1.268,1.263,1.272,1.267,1.273,1.278,1.268,1.274,1.275,1.274,1.271,1.287,1.27,1.276,1.28,1.278,1.278,1.279,1.272,1.278,1.275,1.278,1.275,1.276,1.276,1.279,1.275,1.278,1.278,1.278,1.284,1.283,1.283,1.282,1.284,1.281,1.285,1.283,1.286,1.284,1.282,1.282,1.28,1.281,1.279,1.275,1.277,1.278,1.28,1.283,1.285,1.278,1.281,1.28,1.284,1.282,1.28,1.282,1.284,1.279,1.278,1.281,1.285,1.285,1.286,1.289,1.285,1.288,1.289,1.284,1.287,1.288,1.289,1.286,1.282,1.285,1.285,1.278,1.28,

D,4,Sample X40,0.03,0.031,0.032,0.034,0.035,0.036,0.037,0.04,0.041,0.043,0.045,0.048,0.051,0.054,0.06,0.066,0.075,0.087,0.101,0.117,0.14,0.169,0.205,0.249,0.289,0.347,0.41,0.479,0.549,0.623,0.698,0.781,0.836,0.865,0.881,0.886,0.887,0.891,0.889,0.908,0.893,0.894,0.894,0.897,0.9,0.898,0.899,0.901,0.902,0.904,0.906,0.897,0.902,0.907,0.903,0.906,0.903,0.915,0.908,0.916,0.91,0.915,0.909,0.917,0.909,0.917,0.915,0.919,0.913,0.918,0.914,0.919,0.917,0.916,0.917,0.922,0.919,0.919,0.92,0.915,0.915,0.917,0.92,0.917,0.918,0.918,0.922,0.919,0.923,0.922,0.92,0.923,0.92,0.918,0.919,0.919,0.919,0.919,0.917,0.922,0.922,0.919,0.919,0.919,0.921,0.92,0.918,0.917,0.92,0.916,0.917,0.917,0.919,0.918,0.92,0.92,0.918,0.92,0.926,0.919,0.922,0.927,0.924,0.924,0.924,0.924,0.926,0.924,0.925,

D,5,Sample X41,0.031,0.032,0.032,0.033,0.034,0.036,0.037,0.039,0.109,0.113,0.081,0.105,0.101,0.072,0.089,0.118,0.109,0.091,0.156,0.164,0.147,0.22,0.261,0.259,0.338,0.491,0.655,0.611,0.608,0.682,0.772,0.857,0.927,0.978,1.003,1.005,1.016,1.014,1.01,1.025,1.007,1.018,1.014,1.018,1.017,1.02,1.025,1.025,1.028,1.026,1.026,1.026,1.025,1.028,1.027,1.026,1.027,1.037,1.027,1.038,1.029,1.036,1.028,1.038,1.029,1.032,1.03,1.035,1.03,1.032,1.03,1.036,1.031,1.035,1.033,1.038,1.034,1.034,1.032,1.031,1.029,1.032,1.033,1.031,1.033,1.033,1.033,1.032,1.033,1.033,1.038,1.041,1.036,1.035,1.036,1.033,1.034,1.034,1.035,1.034,1.038,1.033,1.034,1.032,1.038,1.035,1.037,1.033,1.032,1.027,1.029,1.026,1.034,1.031,1.033,1.033,1.03,1.034,1.037,1.033,1.035,1.035,1.036,1.032,1.034,1.032,1.034,1.036,1.036,

D,6,Sample X42,0.036,0.037,0.037,0.039,0.04,0.042,0.043,0.046,0.095,0.108,0.086,0.112,0.098,0.068,0.096,0.117,0.117,0.112,0.167,0.188,0.19,0.26,0.302,0.324,0.415,0.515,0.548,0.669,0.742,0.827,0.932,0.97,1.027,1.036,1.024,1.039,1.05,1.034,1.041,1.022,1.04,1.033,1.049,1.027,1.034,1.049,1.04,1.039,1.039,1.031,1.026,1.056,1.037,1.032,1.046,1.041,1.05,1.026,1.051,1.03,1.046,1.035,1.048,1.032,1.046,1.029,1.038,1.031,1.045,1.036,1.046,1.034,1.04,1.042,1.045,1.036,1.042,1.039,1.04,1.049,1.045,1.05,1.04,1.05,1.047,1.05,1.043,1.046,1.044,1.052,1.051,1.048,1.052,1.05,1.048,1.05,1.048,1.049,1.048,1.037,1.04,1.048,1.046,1.048,1.039,1.048,1.046,1.041,1.037,1.052,1.044,1.046,1.041,1.046,1.04,1.037,1.042,1.035,1.03,1.046,1.038,1.028,1.03,1.043,1.04,1.045,1.039,1.046,1.04,

D,7,Sample X43,0.027,0.028,0.028,0.028,0.029,0.03,0.031,0.032,0.094,0.109,0.064,0.107,0.096,0.047,0.067,0.079,0.069,0.063,0.114,0.115,0.091,0.132,0.133,0.15,0.199,0.248,0.259,0.333,0.38,0.4,0.489,0.524,0.578,0.631,0.624,0.629,0.652,0.643,0.639,0.663,0.643,0.649,0.656,0.647,0.646,0.658,0.65,0.65,0.663,0.651,0.65,0.663,0.652,0.653,0.654,0.655,0.655,0.655,0.655,0.654,0.656,0.656,0.654,0.655,0.659,0.656,0.659,0.657,0.656,0.66,0.66,0.658,0.658,0.66,0.661,0.66,0.662,0.663,0.664,0.664,0.663,0.663,0.665,0.665,0.665,0.665,0.663,0.667,0.665,0.668,0.665,0.667,0.666,0.668,0.667,0.667,0.666,0.667,0.666,0.668,0.668,0.668,0.667,0.666,0.667,0.666,0.667,0.665,0.667,0.67,0.669,0.67,0.671,0.671,0.671,0.669,0.671,0.67,0.67,0.67,0.671,0.67,0.671,0.67,0.672,0.671,0.67,0.672,0.671,

D,8,Sample X44,0.032,0.032,0.033,0.034,0.035,0.036,0.037,0.039,0.085,0.106,0.064,0.099,0.098,0.057,0.092,0.117,0.098,0.078,0.153,0.139,0.12,0.177,0.232,0.195,0.279,0.33,0.331,0.435,0.486,0.536,0.657,0.692,0.766,0.859,0.854,0.882,0.915,0.883,0.903,0.914,0.891,0.885,0.918,0.893,0.893,0.914,0.891,0.894,0.909,0.893,0.887,0.914,0.894,0.889,0.892,0.896,0.898,0.892,0.896,0.892,0.896,0.891,0.898,0.89,0.896,0.891,0.897,0.894,0.899,0.897,0.903,0.9,0.899,0.899,0.9,0.897,0.9,0.901,0.899,0.903,0.902,0.904,0.904,0.908,0.905,0.906,0.902,0.907,0.904,0.909,0.907,0.908,0.911,0.913,0.911,0.908,0.906,0.912,0.91,0.909,0.909,0.912,0.91,0.916,0.91,0.914,0.916,0.914,0.913,0.918,0.915,0.915,0.912,0.913,0.913,0.91,0.914,0.91,0.912,0.914,0.909,0.915,0.911,0.915,0.915,0.915,0.911,0.915,0.911,

D,9,Sample X45,0.035,0.036,0.036,0.037,0.038,0.04,0.041,0.042,0.043,0.046,0.047,0.05,0.052,0.054,0.056,0.058,0.062,0.065,0.071,0.075,0.081,0.088,0.097,0.108,0.122,0.137,0.157,0.179,0.211,0.246,0.287,0.339,0.393,0.456,0.527,0.599,0.671,0.745,0.811,0.899,0.958,1.008,1.018,1.028,1.033,1.042,1.045,1.042,1.042,1.04,1.045,1.042,1.047,1.043,1.039,1.042,1.041,1.044,1.037,1.044,1.04,1.045,1.04,1.043,1.038,1.042,1.043,1.041,1.036,1.041,1.04,1.044,1.045,1.046,1.048,1.051,1.049,1.05,1.048,1.045,1.049,1.048,1.049,1.045,1.045,1.046,1.046,1.046,1.048,1.043,1.044,1.045,1.047,1.041,1.047,1.045,1.045,1.044,1.045,1.043,1.047,1.043,1.044,1.042,1.047,1.044,1.043,1.044,1.047,1.045,1.047,1.042,1.046,1.048,1.052,1.047,1.05,1.047,1.054,1.049,1.052,1.055,1.056,1.052,1.054,1.052,1.052,1.052,1.053,

D,10,Sample X46,0.037,0.038,0.04,0.044,0.044,0.047,0.05,0.054,0.058,0.065,0.072,0.08,0.089,0.102,0.116,0.138,0.163,0.198,0.239,0.281,0.343,0.421,0.493,0.598,0.675,0.784,0.886,0.986,1.067,1.143,1.208,1.265,1.273,1.286,1.288,1.284,1.286,1.289,1.283,1.307,1.285,1.289,1.292,1.292,1.289,1.291,1.295,1.293,1.296,1.297,1.301,1.294,1.298,1.297,1.298,1.302,1.295,1.311,1.298,1.314,1.305,1.312,1.305,1.314,1.315,1.32,1.316,1.317,1.305,1.313,1.31,1.313,1.309,1.312,1.314,1.318,1.315,1.315,1.313,1.315,1.317,1.313,1.313,1.308,1.306,1.303,1.311,1.306,1.308,1.305,1.31,1.306,1.308,1.306,1.308,1.31,1.31,1.308,1.307,1.308,1.312,1.307,1.309,1.308,1.316,1.313,1.312,1.313,1.313,1.307,1.315,1.309,1.314,1.314,1.319,1.319,1.318,1.321,1.327,1.321,1.324,1.323,1.326,1.32,1.319,1.321,1.325,1.32,1.323,

D,11,Sample X47,0.036,0.036,0.036,0.036,0.038,0.039,0.04,0.042,0.135,0.107,0.046,0.148,0.058,0.049,0.051,0.054,0.056,0.059,0.081,0.066,0.071,0.076,0.082,0.091,0.099,0.111,0.127,0.144,0.162,0.185,0.213,0.253,0.288,0.336,0.392,0.446,0.507,0.573,0.632,0.719,0.768,0.844,0.871,0.889,0.894,0.89,0.895,0.898,0.897,0.901,0.905,0.9,0.903,0.905,0.9,0.906,0.902,0.913,0.899,0.912,0.904,0.916,0.904,0.917,0.909,0.924,0.915,0.919,0.908,0.915,0.908,0.916,0.912,0.916,0.917,0.921,0.914,0.918,0.919,0.916,0.917,0.918,0.921,0.918,0.919,0.915,0.923,0.918,0.921,0.914,0.915,0.917,0.916,0.917,0.92,0.916,0.917,0.918,0.917,0.925,0.925,0.92,0.925,0.918,0.927,0.922,0.923,0.923,0.924,0.916,0.923,0.921,0.93,0.926,0.932,0.928,0.93,0.932,0.938,0.93,0.934,0.936,0.936,0.928,0.929,0.929,0.931,0.929,0.931,

D,12,Sample X48,0.025,0.024,0.024,0.024,0.025,0.025,0.025,0.025,0.081,0.026,0.025,0.04,0.026,0.025,0.025,0.025,0.025,0.025,0.038,0.026,0.026,0.026,0.026,0.026,0.025,0.025,0.025,0.025,0.025,0.025,0.025,0.024,0.024,0.025,0.025,0.025,0.025,0.025,0.024,0.025,0.025,0.024,0.024,0.025,0.024,0.024,0.025,0.025,0.025,0.025,0.026,0.026,0.026,0.026,0.026,0.026,0.025,0.026,0.025,0.026,0.025,0.025,0.025,0.025,0.026,0.025,0.026,0.025,0.025,0.026,0.026,0.026,0.026,0.027,0.026,0.026,0.026,0.027,0.026,0.026,0.026,0.026,0.026,0.026,0.026,0.027,0.026,0.027,0.027,0.027,0.027,0.027,0.026,0.027,0.027,0.027,0.026,0.027,0.026,0.027,0.027,0.027,0.027,0.027,0.027,0.027,0.027,0.028,0.028,0.028,0.027,0.028,0.028,0.028,0.028,0.028,0.028,0.028,0.028,0.028,0.028,0.028,0.028,0.028,0.029,0.029,0.028,0.029,0.028,

E,1,Sample X49,0.023,0.023,0.023,0.023,0.023,0.024,0.024,0.024,0.102,0.092,0.026,0.086,0.07,0.025,0.069,0.063,0.025,0.025,0.059,0.03,0.025,0.063,0.056,0.025,0.065,0.03,0.025,0.068,0.025,0.025,0.057,0.025,0.026,0.027,0.026,0.026,0.025,0.026,0.025,0.026,0.026,0.025,0.025,0.025,0.025,0.025,0.025,0.025,0.039,0.025,0.025,0.058,0.025,0.026,0.045,0.026,0.025,0.025,0.044,0.025,0.025,0.084,0.026,0.026,0.055,0.025,0.025,0.025,0.026,0.025,0.026,0.025,0.025,0.025,0.026,0.025,0.026,0.026,0.025,0.025,0.025,0.026,0.025,0.025,0.025,0.025,0.026,0.026,0.026,0.026,0.026,0.026,0.025,0.025,0.026,0.027,0.026,0.026,0.026,0.027,0.027,0.027,0.027,0.026,0.026,0.026,0.026,0.026,0.026,0.026,0.026,0.026,0.026,0.026,0.026,0.026,0.026,0.026,0.026,0.026,0.026,0.026,0.026,0.027,0.027,0.027,0.027,0.027,0.027,

E,2,Sample X50,0.033,0.034,0.035,0.036,0.036,0.038,0.039,0.067,0.113,0.122,0.091,0.107,0.102,0.095,0.113,0.134,0.118,0.071,0.132,0.127,0.11,0.149,0.173,0.16,0.217,0.255,0.245,0.34,0.383,0.425,0.542,0.589,0.693,0.808,0.857,0.941,1.031,1.035,1.079,1.081,1.058,1.082,1.074,1.057,1.065,1.08,1.064,1.062,1.097,1.061,1.062,1.1,1.081,1.063,1.073,1.093,1.071,1.065,1.099,1.068,1.067,1.1,1.076,1.063,1.075,1.07,1.064,1.073,1.076,1.07,1.077,1.073,1.076,1.079,1.081,1.074,1.079,1.084,1.073,1.084,1.08,1.083,1.078,1.081,1.076,1.079,1.079,1.079,1.076,1.081,1.078,1.077,1.078,1.079,1.077,1.083,1.081,1.082,1.082,1.083,1.077,1.084,1.077,1.081,1.081,1.077,1.086,1.084,1.079,1.082,1.081,1.082,1.077,1.08,1.076,1.082,1.076,1.084,1.078,1.085,1.085,1.078,1.084,1.084,1.082,1.087,1.086,1.087,1.089,

E,3,Sample X51,0.034,0.034,0.034,0.035,0.035,0.037,0.037,0.038,0.119,0.119,0.089,0.122,0.118,0.085,0.103,0.134,0.109,0.056,0.134,0.111,0.071,0.136,0.138,0.117,0.143,0.173,0.155,0.215,0.257,0.27,0.373,0.383,0.433,0.541,0.57,0.647,0.731,0.749,0.772,0.799,0.785,0.809,0.803,0.793,0.786,0.829,0.789,0.795,0.827,0.801,0.798,0.843,0.816,0.804,0.795,0.828,0.801,0.807,0.818,0.804,0.805,0.83,0.806,0.816,0.81,0.809,0.815,0.812,0.809,0.814,0.807,0.818,0.817,0.817,0.815,0.821,0.821,0.823,0.827,0.818,0.828,0.827,0.832,0.827,0.834,0.832,0.829,0.829,0.835,0.826,0.833,0.83,0.829,0.826,0.835,0.829,0.831,0.828,0.83,0.828,0.837,0.825,0.835,0.831,0.835,0.838,0.833,0.835,0.838,0.836,0.836,0.836,0.839,0.837,0.843,0.837,0.843,0.835,0.844,0.837,0.835,0.84,0.837,0.839,0.84,0.842,0.84,0.841,0.837,

E,4,Sample X52,0.033,0.033,0.033,0.034,0.035,0.037,0.037,0.038,0.055,0.088,0.044,0.091,0.085,0.05,0.054,0.09,0.063,0.064,0.122,0.091,0.089,0.127,0.158,0.135,0.163,0.218,0.226,0.275,0.327,0.378,0.454,0.517,0.55,0.649,0.719,0.809,0.87,0.894,0.906,0.911,0.919,0.925,0.928,0.929,0.921,0.946,0.933,0.936,0.935,0.948,0.939,0.948,0.941,0.952,0.942,0.95,0.944,0.952,0.939,0.95,0.95,0.944,0.949,0.961,0.946,0.948,0.952,0.951,0.946,0.952,0.941,0.957,0.95,0.955,0.949,0.961,0.961,0.957,0.966,0.952,0.964,0.96,0.969,0.96,0.97,0.969,0.966,0.96,0.971,0.956,0.969,0.968,0.964,0.96,0.975,0.961,0.968,0.967,0.97,0.966,0.977,0.963,0.975,0.972,0.967,0.974,0.969,0.973,0.979,0.974,0.976,0.979,0.98,0.974,0.985,0.977,0.982,0.975,0.983,0.975,0.974,0.978,0.975,0.98,0.974,0.98,0.974,0.978,0.97,

E,5,Sample X53,0.037,0.037,0.038,0.039,0.04,0.042,0.042,0.044,0.046,0.049,0.05,0.052,0.138,0.09,0.061,0.068,0.068,0.072,0.083,0.087,0.096,0.11,0.136,0.146,0.214,0.205,0.247,0.298,0.36,0.434,0.514,0.611,0.701,0.805,0.896,0.984,1.071,1.149,1.187,1.2,1.207,1.207,1.214,1.213,1.216,1.217,1.211,1.215,1.215,1.219,1.22,1.217,1.222,1.221,1.22,1.224,1.222,1.222,1.224,1.221,1.223,1.222,1.228,1.227,1.226,1.228,1.23,1.229,1.227,1.226,1.227,1.23,1.226,1.229,1.23,1.228,1.227,1.226,1.227,1.223,1.223,1.222,1.221,1.225,1.226,1.226,1.224,1.225,1.225,1.226,1.229,1.232,1.23,1.231,1.23,1.23,1.229,1.23,1.231,1.231,1.233,1.232,1.231,1.224,1.228,1.23,1.224,1.222,1.225,1.226,1.228,1.227,1.229,1.232,1.234,1.232,1.23,1.229,1.232,1.229,1.227,1.231,1.231,1.229,1.227,1.232,1.227,1.229,1.225,

E,6,Sample X54,0.032,0.033,0.033,0.034,0.034,0.035,0.036,0.037,0.05,0.082,0.041,0.056,0.051,0.047,0.049,0.069,0.056,0.061,0.097,0.074,0.083,0.098,0.118,0.126,0.15,0.203,0.216,0.259,0.309,0.372,0.445,0.51,0.597,0.675,0.759,0.837,0.869,0.879,0.89,0.893,0.896,0.898,0.895,0.896,0.903,0.903,0.902,0.904,0.906,0.908,0.905,0.905,0.905,0.908,0.907,0.907,0.909,0.908,0.908,0.911,0.91,0.913,0.912,0.912,0.914,0.915,0.917,0.915,0.917,0.916,0.919,0.918,0.917,0.92,0.919,0.916,0.917,0.914,0.915,0.915,0.917,0.917,0.921,0.923,0.921,0.922,0.921,0.921,0.922,0.924,0.924,0.923,0.918,0.919,0.921,0.92,0.917,0.92,0.922,0.927,0.927,0.927,0.927,0.926,0.927,0.927,0.926,0.926,0.927,0.927,0.924,0.929,0.928,0.929,0.928,0.927,0.928,0.928,0.93,0.929,0.929,0.929,0.931,0.928,0.931,0.93,0.929,0.932,0.929,

E,7,Sample X55,0.038,0.036,0.037,0.038,0.039,0.041,0.043,0.044,0.05,0.079,0.051,0.055,0.068,0.063,0.066,0.072,0.075,0.083,0.095,0.105,0.121,0.142,0.206,0.199,0.247,0.29,0.353,0.421,0.512,0.601,0.751,0.813,0.9,0.995,1.088,1.165,1.208,1.215,1.22,1.23,1.228,1.235,1.257,1.234,1.228,1.235,1.233,1.231,1.23,1.234,1.232,1.233,1.238,1.232,1.234,1.236,1.236,1.237,1.236,1.238,1.234,1.237,1.236,1.231,1.235,1.232,1.235,1.236,1.236,1.236,1.239,1.242,1.239,1.243,1.239,1.239,1.241,1.239,1.238,1.237,1.243,1.242,1.241,1.243,1.24,1.242,1.239,1.238,1.24,1.242,1.24,1.239,1.241,1.24,1.248,1.247,1.248,1.246,1.243,1.247,1.251,1.248,1.251,1.25,1.256,1.257,1.251,1.254,1.252,1.251,1.252,1.254,1.252,1.254,1.254,1.253,1.253,1.253,1.257,1.254,1.254,1.258,1.253,1.258,1.255,1.257,1.254,1.254,1.253,

E,8,Sample X56,0.037,0.037,0.038,0.038,0.039,0.041,0.042,0.043,0.045,0.072,0.048,0.063,0.059,0.055,0.058,0.065,0.064,0.069,0.094,0.082,0.089,0.1,0.113,0.128,0.151,0.177,0.206,0.25,0.294,0.35,0.423,0.476,0.592,0.659,0.746,0.827,0.907,0.992,1.072,1.095,1.099,1.095,1.103,1.102,1.115,1.095,1.109,1.108,1.112,1.099,1.11,1.104,1.107,1.1,1.108,1.105,1.115,1.105,1.12,1.112,1.12,1.12,1.117,1.103,1.112,1.118,1.113,1.115,1.122,1.113,1.127,1.107,1.115,1.11,1.121,1.114,1.112,1.12,1.113,1.127,1.115,1.127,1.111,1.121,1.111,1.113,1.115,1.116,1.112,1.132,1.12,1.126,1.126,1.13,1.115,1.129,1.122,1.127,1.121,1.13,1.115,1.132,1.113,1.12,1.123,1.117,1.122,1.119,1.111,1.115,1.116,1.117,1.113,1.114,1.107,1.118,1.105,1.117,1.111,1.118,1.12,1.113,1.117,1.114,1.116,1.118,1.124,1.12,1.129,

E,9,Sample X57,0.04,0.041,0.042,0.042,0.043,0.044,0.044,0.045,0.047,0.056,0.048,0.062,0.053,0.051,0.053,0.056,0.056,0.057,0.064,0.062,0.063,0.069,0.07,0.076,0.075,0.079,0.081,0.087,0.092,0.098,0.108,0.115,0.125,0.14,0.156,0.179,0.203,0.232,0.273,0.321,0.368,0.444,0.5,0.568,0.648,0.731,0.81,0.895,0.964,1.05,1.097,1.11,1.115,1.121,1.118,1.127,1.118,1.122,1.126,1.135,1.123,1.154,1.15,1.127,1.117,1.123,1.124,1.118,1.12,1.122,1.124,1.127,1.122,1.125,1.12,1.122,1.123,1.12,1.123,1.118,1.121,1.12,1.124,1.12,1.126,1.13,1.125,1.125,1.129,1.122,1.126,1.125,1.127,1.124,1.129,1.126,1.13,1.13,1.131,1.128,1.135,1.124,1.125,1.129,1.123,1.126,1.124,1.124,1.123,1.129,1.123,1.126,1.129,1.125,1.129,1.125,1.131,1.123,1.128,1.126,1.125,1.13,1.127,1.127,1.128,1.13,1.125,1.126,1.125,

E,10,Sample X58,0.038,0.039,0.04,0.041,0.043,0.044,0.046,0.049,0.111,0.119,0.088,0.128,0.12,0.097,0.127,0.146,0.119,0.117,0.218,0.207,0.193,0.286,0.334,0.346,0.456,0.536,0.597,0.753,0.819,0.902,1.039,1.096,1.169,1.259,1.294,1.311,1.337,1.32,1.341,1.35,1.327,1.338,1.347,1.328,1.329,1.346,1.333,1.334,1.356,1.339,1.343,1.358,1.341,1.342,1.342,1.342,1.345,1.341,1.345,1.344,1.347,1.348,1.346,1.348,1.35,1.349,1.346,1.348,1.351,1.352,1.352,1.352,1.351,1.349,1.353,1.347,1.354,1.353,1.355,1.355,1.352,1.355,1.347,1.352,1.352,1.353,1.354,1.355,1.355,1.357,1.356,1.352,1.351,1.358,1.352,1.355,1.352,1.355,1.357,1.359,1.359,1.359,1.358,1.357,1.36,1.36,1.358,1.358,1.359,1.359,1.356,1.36,1.363,1.363,1.363,1.362,1.363,1.366,1.365,1.363,1.365,1.365,1.363,1.362,1.362,1.365,1.365,1.366,1.368,

E,11,Sample X59,0.034,0.034,0.034,0.035,0.035,0.036,0.036,0.036,0.125,0.138,0.074,0.127,0.107,0.04,0.103,0.121,0.049,0.044,0.139,0.097,0.047,0.117,0.113,0.051,0.101,0.102,0.058,0.137,0.064,0.067,0.137,0.075,0.083,0.128,0.099,0.11,0.141,0.14,0.193,0.23,0.212,0.277,0.321,0.334,0.393,0.476,0.523,0.589,0.7,0.74,0.818,0.916,0.916,0.935,0.942,0.939,0.944,0.941,0.944,0.943,0.939,0.938,0.94,0.94,0.939,0.938,0.942,0.943,0.945,0.947,0.944,0.947,0.946,0.944,0.949,0.951,0.949,0.949,0.95,0.949,0.949,0.948,0.952,0.948,0.951,0.953,0.949,0.947,0.948,0.947,0.946,0.947,0.951,0.95,0.955,0.955,0.952,0.956,0.953,0.953,0.954,0.953,0.952,0.952,0.953,0.952,0.953,0.955,0.956,0.956,0.957,0.958,0.959,0.956,0.957,0.96,0.956,0.962,0.958,0.96,0.961,0.963,0.961,0.961,0.964,0.962,0.965,0.961,0.965,

E,12,Sample X60,0.025,0.025,0.025,0.025,0.025,0.025,0.025,0.026,0.059,0.027,0.027,0.027,0.027,0.028,0.028,0.028,0.028,0.028,0.036,0.029,0.028,0.028,0.028,0.028,0.028,0.028,0.028,0.028,0.028,0.028,0.027,0.026,0.027,0.026,0.026,0.026,0.025,0.026,0.026,0.026,0.027,0.026,0.026,0.027,0.027,0.027,0.027,0.027,0.026,0.027,0.027,0.062,0.027,0.026,0.026,0.027,0.026,0.026,0.027,0.027,0.027,0.027,0.027,0.026,0.027,0.027,0.027,0.026,0.027,0.027,0.027,0.027,0.027,0.027,0.027,0.027,0.027,0.028,0.027,0.027,0.027,0.028,0.027,0.028,0.028,0.028,0.028,0.028,0.027,0.028,0.028,0.029,0.028,0.028,0.028,0.028,0.027,0.028,0.028,0.028,0.028,0.028,0.027,0.028,0.028,0.028,0.028,0.028,0.028,0.028,0.028,0.028,0.028,0.028,0.028,0.028,0.028,0.028,0.029,0.028,0.028,0.028,0.028,0.029,0.029,0.028,0.029,0.029,0.029,

F,1,Sample X61,0.022,0.022,0.022,0.023,0.022,0.023,0.023,0.023,0.038,0.024,0.024,0.062,0.024,0.024,0.024,0.024,0.024,0.024,0.033,0.024,0.024,0.036,0.024,0.024,0.023,0.023,0.023,0.023,0.023,0.024,0.024,0.023,0.024,0.025,0.025,0.025,0.025,0.025,0.025,0.025,0.025,0.025,0.024,0.024,0.024,0.024,0.024,0.024,0.024,0.025,0.025,0.025,0.025,0.025,0.025,0.025,0.024,0.024,0.024,0.024,0.024,0.059,0.024,0.024,0.024,0.024,0.024,0.024,0.024,0.024,0.025,0.024,0.024,0.025,0.025,0.025,0.025,0.024,0.024,0.024,0.025,0.025,0.024,0.024,0.024,0.025,0.024,0.024,0.025,0.025,0.024,0.024,0.024,0.025,0.025,0.025,0.024,0.025,0.025,0.025,0.025,0.025,0.025,0.025,0.025,0.026,0.025,0.026,0.025,0.026,0.026,0.026,0.025,0.026,0.025,0.025,0.025,0.025,0.024,0.024,0.024,0.024,0.024,0.024,0.024,0.025,0.025,0.025,0.025,

F,2,Sample X62,0.033,0.033,0.033,0.034,0.034,0.035,0.035,0.035,0.089,0.077,0.036,0.083,0.074,0.038,0.057,0.07,0.04,0.041,0.086,0.059,0.043,0.076,0.071,0.045,0.059,0.064,0.049,0.069,0.053,0.055,0.078,0.059,0.06,0.064,0.068,0.072,0.076,0.083,0.092,0.103,0.116,0.131,0.149,0.173,0.204,0.24,0.28,0.329,0.386,0.447,0.521,0.608,0.67,0.735,0.822,0.884,0.948,0.967,0.993,0.996,0.995,1.006,1.002,0.997,1.002,1.004,1,1.009,1.007,1.002,1.006,1.004,1.005,1.016,1.012,1.007,1.013,1.011,1.008,1.013,1.012,1.009,1.009,1.01,1.01,1.006,1.013,1.014,1.004,1.009,1.015,1.008,1.012,1.009,1.01,1.012,1.012,1.002,1.008,1.011,1.008,1.012,1.012,1.007,1.019,1.01,1.01,1.013,1.01,1.006,1,1.012,1.001,1.007,1.012,1.011,1.013,1.014,1.005,1.006,1.007,1.008,1.013,1.008,1.01,1.014,1.019,1.013,1.016,

F,3,Sample X63,0.03,0.03,0.03,0.031,0.031,0.032,0.031,0.031,0.075,0.092,0.033,0.088,0.065,0.033,0.04,0.062,0.034,0.035,0.07,0.046,0.036,0.069,0.07,0.038,0.045,0.057,0.04,0.051,0.042,0.043,0.056,0.046,0.048,0.05,0.051,0.054,0.056,0.059,0.064,0.069,0.075,0.084,0.093,0.106,0.121,0.138,0.162,0.19,0.221,0.257,0.3,0.339,0.389,0.438,0.493,0.553,0.614,0.659,0.672,0.688,0.697,0.698,0.707,0.707,0.709,0.709,0.718,0.709,0.714,0.719,0.715,0.724,0.726,0.718,0.722,0.731,0.727,0.733,0.741,0.732,0.739,0.737,0.742,0.738,0.745,0.743,0.738,0.739,0.744,0.742,0.743,0.751,0.746,0.75,0.753,0.741,0.746,0.751,0.744,0.749,0.75,0.747,0.751,0.749,0.746,0.75,0.75,0.748,0.745,0.75,0.752,0.75,0.759,0.749,0.75,0.753,0.743,0.748,0.753,0.748,0.749,0.75,0.75,0.749,0.754,0.754,0.75,0.753,0.752,

F,4,Sample X64,0.036,0.036,0.036,0.037,0.037,0.037,0.037,0.038,0.088,0.103,0.039,0.092,0.079,0.041,0.042,0.076,0.043,0.043,0.096,0.046,0.046,0.072,0.081,0.051,0.052,0.084,0.057,0.06,0.058,0.061,0.088,0.065,0.067,0.074,0.077,0.082,0.089,0.1,0.109,0.122,0.14,0.16,0.183,0.212,0.249,0.289,0.343,0.399,0.458,0.52,0.595,0.664,0.737,0.828,0.901,0.975,1.012,1.031,1.021,1.037,1.036,1.029,1.032,1.037,1.034,1.041,1.048,1.043,1.044,1.049,1.043,1.056,1.052,1.045,1.046,1.058,1.053,1.059,1.066,1.059,1.062,1.062,1.071,1.065,1.072,1.072,1.06,1.064,1.076,1.072,1.073,1.074,1.073,1.078,1.077,1.067,1.074,1.078,1.07,1.075,1.078,1.073,1.077,1.08,1.071,1.085,1.077,1.075,1.077,1.085,1.086,1.08,1.089,1.082,1.078,1.083,1.071,1.08,1.082,1.083,1.081,1.081,1.078,1.084,1.084,1.084,1.075,1.083,1.08,

F,5,Sample X65,0.034,0.033,0.033,0.033,0.034,0.034,0.034,0.034,0.059,0.082,0.036,0.051,0.036,0.036,0.037,0.039,0.038,0.038,0.076,0.039,0.04,0.042,0.042,0.043,0.044,0.045,0.046,0.048,0.048,0.049,0.05,0.052,0.055,0.057,0.06,0.063,0.066,0.07,0.076,0.084,0.093,0.105,0.117,0.132,0.155,0.181,0.21,0.25,0.289,0.333,0.387,0.447,0.509,0.571,0.64,0.71,0.781,0.837,0.86,0.868,0.878,0.88,0.88,0.881,0.882,0.88,0.883,0.883,0.884,0.887,0.887,0.885,0.889,0.893,0.891,0.893,0.893,0.892,0.893,0.895,0.893,0.897,0.892,0.897,0.894,0.898,0.903,0.901,0.901,0.904,0.905,0.905,0.903,0.904,0.902,0.903,0.905,0.906,0.908,0.907,0.907,0.907,0.905,0.906,0.906,0.905,0.905,0.905,0.908,0.906,0.907,0.908,0.907,0.906,0.906,0.904,0.905,0.906,0.906,0.908,0.909,0.909,0.908,0.907,0.909,0.907,0.911,0.907,0.907,

F,6,Sample X66,0.033,0.033,0.034,0.034,0.034,0.035,0.034,0.035,0.081,0.066,0.037,0.064,0.051,0.038,0.038,0.065,0.039,0.04,0.076,0.042,0.044,0.052,0.059,0.048,0.049,0.061,0.052,0.056,0.055,0.057,0.067,0.064,0.067,0.071,0.077,0.084,0.093,0.103,0.117,0.135,0.153,0.178,0.21,0.245,0.293,0.343,0.4,0.46,0.534,0.611,0.686,0.766,0.832,0.904,0.969,0.991,1.003,1.011,1.015,1.023,1.019,1.019,1.026,1.024,1.023,1.025,1.027,1.024,1.025,1.026,1.028,1.03,1.03,1.031,1.032,1.033,1.034,1.038,1.037,1.034,1.039,1.038,1.034,1.032,1.034,1.034,1.035,1.038,1.037,1.037,1.037,1.036,1.035,1.036,1.035,1.033,1.033,1.029,1.033,1.035,1.034,1.032,1.034,1.033,1.034,1.032,1.033,1.033,1.034,1.034,1.033,1.036,1.032,1.034,1.038,1.038,1.035,1.039,1.036,1.033,1.038,1.037,1.034,1.032,1.035,1.037,1.038,1.035,1.034,

F,7,Sample X67,0.04,0.035,0.035,0.036,0.036,0.036,0.036,0.036,0.134,0.146,0.037,0.148,0.116,0.039,0.088,0.15,0.04,0.045,0.193,0.095,0.046,0.134,0.145,0.05,0.103,0.129,0.058,0.155,0.055,0.066,0.168,0.07,0.076,0.086,0.092,0.102,0.111,0.132,0.149,0.14,0.21,0.242,0.28,0.341,0.399,0.463,0.539,0.614,0.696,0.783,0.865,0.953,1.031,1.084,1.105,1.115,1.113,1.121,1.119,1.122,1.123,1.12,1.121,1.123,1.128,1.124,1.127,1.126,1.125,1.127,1.125,1.129,1.134,1.129,1.131,1.135,1.139,1.139,1.14,1.136,1.135,1.138,1.137,1.134,1.135,1.138,1.133,1.135,1.135,1.136,1.135,1.14,1.137,1.142,1.141,1.14,1.139,1.144,1.141,1.139,1.141,1.145,1.142,1.145,1.142,1.144,1.148,1.141,1.143,1.151,1.147,1.145,1.148,1.144,1.144,1.142,1.143,1.142,1.146,1.143,1.143,1.143,1.14,1.145,1.145,1.149,1.141,1.147,1.143,

F,8,Sample X68,0.04,0.037,0.036,0.037,0.038,0.038,0.038,0.039,0.042,0.083,0.045,0.093,0.046,0.043,0.045,0.073,0.045,0.045,0.091,0.055,0.049,0.091,0.052,0.053,0.057,0.058,0.058,0.064,0.062,0.061,0.067,0.089,0.085,0.092,0.082,0.089,0.087,0.092,0.101,0.114,0.123,0.141,0.158,0.18,0.209,0.25,0.293,0.347,0.415,0.473,0.554,0.632,0.708,0.807,0.888,0.975,1.056,1.089,1.104,1.118,1.116,1.115,1.119,1.12,1.117,1.12,1.125,1.119,1.119,1.12,1.12,1.129,1.128,1.125,1.127,1.133,1.134,1.138,1.139,1.138,1.137,1.135,1.135,1.133,1.136,1.136,1.131,1.13,1.133,1.132,1.131,1.131,1.127,1.129,1.128,1.128,1.132,1.131,1.129,1.128,1.129,1.13,1.131,1.132,1.129,1.134,1.131,1.133,1.13,1.136,1.138,1.134,1.141,1.134,1.132,1.136,1.133,1.135,1.139,1.137,1.139,1.137,1.137,1.139,1.137,1.141,1.137,1.138,1.139,

F,9,Sample X69,0.041,0.039,0.036,0.037,0.038,0.038,0.037,0.037,0.192,0.179,0.06,0.167,0.102,0.047,0.089,0.145,0.049,0.042,0.187,0.077,0.042,0.102,0.101,0.05,0.08,0.068,0.044,0.124,0.05,0.046,0.089,0.054,0.047,0.071,0.047,0.048,0.056,0.049,0.065,0.07,0.051,0.057,0.057,0.053,0.053,0.073,0.055,0.057,0.073,0.057,0.06,0.1,0.061,0.064,0.069,0.067,0.067,0.07,0.071,0.075,0.077,0.081,0.086,0.092,0.099,0.108,0.121,0.137,0.155,0.179,0.206,0.24,0.28,0.317,0.363,0.414,0.465,0.515,0.555,0.577,0.578,0.586,0.593,0.59,0.595,0.595,0.59,0.595,0.599,0.597,0.597,0.601,0.596,0.598,0.599,0.595,0.598,0.603,0.599,0.6,0.603,0.602,0.606,0.606,0.602,0.609,0.608,0.609,0.606,0.612,0.613,0.607,0.616,0.61,0.609,0.61,0.609,0.609,0.614,0.613,0.612,0.612,0.611,0.614,0.615,0.615,0.609,0.616,0.612,

F,10,Sample X70,0.034,0.034,0.034,0.035,0.035,0.036,0.036,0.037,0.104,0.11,0.059,0.116,0.079,0.041,0.065,0.075,0.047,0.045,0.102,0.073,0.049,0.089,0.093,0.055,0.076,0.081,0.064,0.105,0.074,0.082,0.121,0.104,0.117,0.157,0.162,0.19,0.226,0.267,0.318,0.382,0.437,0.51,0.583,0.651,0.733,0.808,0.864,0.896,0.927,0.929,0.931,0.948,0.935,0.938,0.938,0.939,0.937,0.934,0.94,0.939,0.94,0.94,0.942,0.944,0.949,0.949,0.947,0.949,0.949,0.949,0.953,0.953,0.953,0.953,0.954,0.955,0.957,0.956,0.954,0.956,0.956,0.957,0.961,0.961,0.962,0.96,0.958,0.96,0.961,0.96,0.96,0.962,0.962,0.962,0.964,0.966,0.967,0.966,0.966,0.974,0.973,0.974,0.974,0.973,0.975,0.974,0.977,0.975,0.976,0.978,0.979,0.98,0.979,0.981,0.982,0.981,0.982,0.988,0.988,0.99,0.989,0.991,0.992,0.991,0.992,0.996,0.993,0.991,0.994,

F,11,Sample X71,0.035,0.035,0.035,0.035,0.036,0.037,0.036,0.036,0.107,0.102,0.054,0.106,0.089,0.037,0.077,0.09,0.048,0.038,0.105,0.073,0.04,0.096,0.087,0.041,0.086,0.054,0.043,0.089,0.042,0.043,0.086,0.044,0.044,0.055,0.046,0.046,0.046,0.047,0.057,0.065,0.049,0.062,0.063,0.05,0.051,0.059,0.052,0.052,0.08,0.054,0.056,0.088,0.058,0.058,0.059,0.06,0.061,0.063,0.065,0.066,0.07,0.07,0.072,0.073,0.077,0.08,0.084,0.09,0.096,0.104,0.117,0.129,0.147,0.168,0.195,0.224,0.263,0.306,0.358,0.417,0.48,0.551,0.613,0.687,0.747,0.796,0.823,0.832,0.824,0.824,0.83,0.827,0.83,0.825,0.824,0.83,0.825,0.824,0.83,0.828,0.826,0.825,0.825,0.826,0.833,0.826,0.831,0.832,0.832,0.825,0.813,0.829,0.817,0.822,0.828,0.831,0.835,0.831,0.827,0.827,0.829,0.836,0.834,0.826,0.833,0.829,0.842,0.832,0.838,

F,12,Sample X72,0.025,0.024,0.024,0.024,0.024,0.025,0.025,0.025,0.08,0.026,0.026,0.027,0.026,0.026,0.025,0.025,0.025,0.025,0.025,0.024,0.024,0.024,0.025,0.024,0.025,0.025,0.026,0.025,0.025,0.026,0.025,0.025,0.025,0.025,0.025,0.026,0.025,0.025,0.025,0.025,0.025,0.025,0.025,0.025,0.025,0.025,0.025,0.024,0.025,0.025,0.025,0.025,0.025,0.025,0.025,0.025,0.025,0.026,0.025,0.026,0.026,0.026,0.027,0.026,0.026,0.026,0.026,0.025,0.026,0.026,0.026,0.026,0.026,0.026,0.026,0.026,0.025,0.025,0.026,0.025,0.025,0.025,0.025,0.025,0.025,0.025,0.025,0.025,0.025,0.026,0.025,0.025,0.026,0.026,0.026,0.026,0.026,0.026,0.026,0.026,0.026,0.026,0.026,0.027,0.026,0.026,0.027,0.026,0.026,0.027,0.026,0.026,0.026,0.026,0.026,0.027,0.026,0.027,0.027,0.026,0.027,0.027,0.027,0.027,0.027,0.027,0.027,0.028,0.028,

G,1,Sample X73,0.024,0.024,0.024,0.024,0.024,0.025,0.025,0.025,0.025,0.026,0.026,0.026,0.027,0.026,0.026,0.025,0.026,0.026,0.026,0.026,0.025,0.026,0.025,0.025,0.025,0.026,0.026,0.025,0.026,0.026,0.026,0.026,0.026,0.026,0.027,0.028,0.027,0.027,0.027,0.027,0.026,0.027,0.026,0.026,0.025,0.025,0.025,0.025,0.026,0.026,0.026,0.026,0.026,0.026,0.026,0.027,0.026,0.027,0.027,0.026,0.026,0.026,0.027,0.026,0.026,0.026,0.026,0.026,0.026,0.026,0.026,0.026,0.026,0.027,0.026,0.027,0.026,0.026,0.027,0.026,0.026,0.027,0.026,0.026,0.026,0.026,0.027,0.026,0.027,0.027,0.027,0.027,0.026,0.027,0.026,0.026,0.026,0.027,0.026,0.027,0.027,0.026,0.026,0.026,0.025,0.026,0.026,0.025,0.025,0.026,0.026,0.026,0.025,0.025,0.025,0.026,0.025,0.025,0.026,0.027,0.027,0.027,0.027,0.026,0.026,0.026,0.025,0.025,0.025,

G,2,Sample X74,0.027,0.028,0.028,0.029,0.029,0.031,0.032,0.035,0.036,0.04,0.043,0.061,0.053,0.06,0.07,0.08,0.095,0.112,0.135,0.162,0.195,0.236,0.281,0.333,0.392,0.449,0.518,0.584,0.654,0.7,0.724,0.731,0.74,0.744,0.744,0.745,0.749,0.747,0.745,0.749,0.749,0.75,0.752,0.754,0.756,0.757,0.755,0.755,0.759,0.758,0.761,0.763,0.764,0.762,0.765,0.765,0.767,0.77,0.769,0.768,0.772,0.769,0.775,0.774,0.772,0.773,0.775,0.772,0.773,0.775,0.777,0.777,0.777,0.779,0.781,0.78,0.779,0.781,0.782,0.782,0.782,0.783,0.777,0.784,0.783,0.783,0.783,0.785,0.787,0.785,0.784,0.783,0.784,0.783,0.783,0.78,0.782,0.779,0.779,0.779,0.784,0.779,0.78,0.779,0.777,0.778,0.779,0.778,0.779,0.774,0.774,0.775,0.778,0.774,0.774,0.775,0.772,0.774,0.778,0.774,0.776,0.773,0.772,0.774,0.774,0.774,0.771,0.772,0.772,

G,3,Sample X75,0.024,0.024,0.024,0.025,0.024,0.025,0.024,0.025,0.025,0.026,0.026,0.026,0.026,0.026,0.027,0.028,0.028,0.028,0.029,0.029,0.029,0.03,0.031,0.033,0.035,0.037,0.041,0.044,0.048,0.054,0.06,0.067,0.077,0.084,0.097,0.11,0.128,0.149,0.169,0.183,0.213,0.23,0.267,0.302,0.344,0.357,0.377,0.393,0.395,0.39,0.398,0.391,0.394,0.396,0.394,0.393,0.404,0.406,0.399,0.403,0.412,0.402,0.41,0.411,0.414,0.412,0.429,0.417,0.421,0.421,0.424,0.428,0.433,0.42,0.43,0.423,0.429,0.437,0.443,0.433,0.439,0.442,0.442,0.439,0.442,0.447,0.439,0.448,0.449,0.438,0.444,0.444,0.444,0.444,0.452,0.443,0.445,0.452,0.447,0.441,0.451,0.442,0.451,0.453,0.445,0.451,0.457,0.452,0.458,0.458,0.453,0.453,0.454,0.448,0.454,0.456,0.446,0.451,0.454,0.45,0.438,0.452,0.442,0.449,0.454,0.45,0.453,0.451,0.454,

G,4,Sample X76,0.025,0.026,0.025,0.025,0.024,0.025,0.025,0.025,0.057,0.06,0.026,0.055,0.026,0.027,0.027,0.027,0.027,0.028,0.059,0.027,0.028,0.028,0.029,0.03,0.03,0.031,0.032,0.032,0.033,0.034,0.035,0.036,0.037,0.04,0.042,0.046,0.049,0.053,0.058,0.066,0.074,0.088,0.098,0.113,0.134,0.154,0.185,0.22,0.265,0.324,0.386,0.469,0.544,0.623,0.724,0.804,0.861,0.943,1.017,1.068,1.096,1.127,1.122,1.128,1.124,1.131,1.121,1.132,1.135,1.135,1.135,1.134,1.127,1.144,1.133,1.138,1.137,1.124,1.13,1.141,1.137,1.131,1.136,1.131,1.135,1.135,1.139,1.129,1.128,1.137,1.134,1.128,1.136,1.134,1.126,1.138,1.13,1.134,1.138,1.139,1.133,1.141,1.129,1.135,1.139,1.125,1.129,1.132,1.124,1.127,1.126,1.128,1.128,1.132,1.124,1.125,1.133,1.13,1.125,1.121,1.137,1.128,1.133,1.127,1.123,1.127,1.131,1.131,1.123,

G,5,Sample X77,0.031,0.032,0.034,0.037,0.039,0.042,0.045,0.05,0.076,0.088,0.073,0.112,0.098,0.117,0.142,0.183,0.21,0.253,0.353,0.368,0.438,0.529,0.608,0.7,0.793,0.883,0.982,1.054,1.083,1.103,1.124,1.111,1.116,1.111,1.111,1.109,1.119,1.122,1.122,1.116,1.122,1.115,1.124,1.125,1.128,1.127,1.125,1.13,1.13,1.127,1.131,1.125,1.125,1.128,1.124,1.123,1.13,1.131,1.129,1.13,1.138,1.131,1.14,1.14,1.141,1.135,1.147,1.139,1.142,1.145,1.144,1.144,1.149,1.143,1.148,1.143,1.145,1.152,1.153,1.147,1.15,1.151,1.151,1.152,1.154,1.151,1.147,1.151,1.153,1.148,1.155,1.154,1.146,1.149,1.15,1.145,1.148,1.155,1.152,1.149,1.159,1.144,1.155,1.152,1.151,1.159,1.157,1.155,1.16,1.159,1.157,1.155,1.157,1.154,1.161,1.158,1.15,1.159,1.161,1.161,1.155,1.161,1.155,1.16,1.163,1.164,1.164,1.161,1.163,

G,6,Sample X78,0.025,0.024,0.025,0.026,0.026,0.028,0.027,0.028,0.069,0.066,0.033,0.07,0.038,0.038,0.043,0.058,0.046,0.05,0.099,0.063,0.071,0.107,0.105,0.114,0.145,0.163,0.193,0.237,0.277,0.331,0.411,0.462,0.547,0.634,0.718,0.807,0.889,0.964,1.031,1.075,1.09,1.103,1.104,1.107,1.109,1.111,1.116,1.113,1.11,1.11,1.11,1.114,1.116,1.118,1.119,1.116,1.116,1.117,1.116,1.117,1.118,1.12,1.115,1.118,1.116,1.122,1.118,1.123,1.12,1.125,1.125,1.126,1.127,1.131,1.128,1.125,1.129,1.126,1.123,1.129,1.13,1.129,1.133,1.127,1.132,1.13,1.128,1.125,1.126,1.126,1.124,1.126,1.132,1.132,1.128,1.13,1.122,1.13,1.13,1.136,1.131,1.138,1.135,1.136,1.136,1.131,1.137,1.134,1.131,1.135,1.128,1.132,1.133,1.133,1.13,1.132,1.135,1.138,1.137,1.136,1.141,1.139,1.143,1.138,1.138,1.138,1.14,1.137,1.136,

G,7,Sample X79,0.023,0.025,0.025,0.025,0.025,0.026,0.026,0.026,0.081,0.076,0.027,0.071,0.029,0.027,0.033,0.054,0.028,0.026,0.077,0.028,0.027,0.057,0.044,0.028,0.039,0.029,0.028,0.052,0.029,0.028,0.048,0.029,0.029,0.03,0.03,0.03,0.03,0.032,0.033,0.035,0.036,0.039,0.043,0.048,0.057,0.067,0.082,0.101,0.124,0.15,0.195,0.238,0.302,0.38,0.466,0.546,0.643,0.722,0.756,0.772,0.794,0.784,0.793,0.795,0.803,0.804,0.811,0.807,0.809,0.811,0.811,0.815,0.816,0.811,0.824,0.822,0.83,0.834,0.836,0.835,0.836,0.84,0.84,0.842,0.842,0.847,0.84,0.848,0.847,0.848,0.852,0.852,0.856,0.855,0.861,0.861,0.863,0.869,0.87,0.866,0.871,0.866,0.87,0.872,0.867,0.871,0.87,0.867,0.873,0.872,0.874,0.872,0.871,0.873,0.878,0.877,0.871,0.874,0.88,0.882,0.875,0.881,0.88,0.883,0.883,0.883,0.886,0.883,0.885,

G,8,Sample X80,0.038,0.042,0.044,0.048,0.051,0.056,0.064,0.073,0.153,0.158,0.116,0.193,0.169,0.205,0.249,0.321,0.36,0.441,0.574,0.627,0.733,0.867,0.954,1.056,1.14,1.224,1.282,1.317,1.323,1.326,1.332,1.334,1.334,1.338,1.338,1.336,1.34,1.337,1.34,1.343,1.341,1.347,1.345,1.348,1.344,1.346,1.353,1.344,1.347,1.348,1.344,1.345,1.344,1.342,1.347,1.345,1.341,1.343,1.347,1.344,1.344,1.345,1.342,1.344,1.347,1.344,1.34,1.339,1.339,1.343,1.338,1.343,1.341,1.347,1.345,1.349,1.343,1.346,1.344,1.338,1.337,1.34,1.344,1.343,1.343,1.348,1.343,1.345,1.346,1.347,1.345,1.345,1.344,1.345,1.341,1.343,1.339,1.341,1.34,1.34,1.341,1.339,1.339,1.339,1.34,1.342,1.34,1.339,1.339,1.342,1.342,1.345,1.347,1.344,1.344,1.344,1.343,1.342,1.342,1.339,1.346,1.345,1.342,1.342,1.342,1.345,1.345,1.345,1.344,

G,9,Sample X81,0.025,0.026,0.027,0.028,0.028,0.029,0.03,0.03,0.032,0.035,0.034,0.037,0.039,0.04,0.042,0.046,0.049,0.056,0.062,0.07,0.081,0.096,0.11,0.131,0.155,0.184,0.218,0.256,0.304,0.365,0.426,0.505,0.573,0.679,0.778,0.884,0.977,1.059,1.132,1.179,1.199,1.209,1.204,1.214,1.215,1.213,1.213,1.209,1.208,1.213,1.212,1.223,1.22,1.22,1.221,1.222,1.219,1.22,1.222,1.221,1.221,1.229,1.222,1.224,1.219,1.228,1.219,1.227,1.227,1.235,1.225,1.224,1.227,1.239,1.228,1.235,1.229,1.222,1.218,1.227,1.218,1.219,1.219,1.215,1.22,1.222,1.22,1.216,1.22,1.227,1.223,1.227,1.225,1.224,1.221,1.224,1.223,1.228,1.227,1.228,1.225,1.228,1.224,1.229,1.231,1.226,1.231,1.227,1.221,1.235,1.227,1.23,1.233,1.234,1.231,1.236,1.245,1.238,1.238,1.237,1.252,1.244,1.244,1.24,1.235,1.235,1.233,1.237,1.233,

G,10,Sample X82,0.023,0.03,0.027,0.027,0.025,0.025,0.027,0.025,0.026,0.032,0.028,0.028,0.029,0.029,0.031,0.031,0.029,0.029,0.029,0.029,0.03,0.031,0.031,0.031,0.033,0.033,0.035,0.036,0.038,0.043,0.042,0.045,0.051,0.053,0.058,0.064,0.072,0.081,0.092,0.105,0.124,0.141,0.166,0.197,0.235,0.28,0.339,0.406,0.48,0.561,0.653,0.736,0.822,0.905,0.989,1.055,1.117,1.138,1.145,1.154,1.152,1.157,1.166,1.159,1.164,1.16,1.165,1.163,1.165,1.164,1.164,1.167,1.165,1.166,1.175,1.167,1.167,1.173,1.177,1.173,1.173,1.171,1.175,1.173,1.171,1.173,1.171,1.178,1.169,1.167,1.17,1.162,1.165,1.171,1.168,1.169,1.171,1.176,1.174,1.174,1.173,1.179,1.176,1.171,1.175,1.183,1.182,1.19,1.187,1.179,1.188,1.184,1.18,1.184,1.19,1.183,1.181,1.183,1.179,1.176,1.17,1.18,1.178,1.182,1.181,1.194,1.185,1.187,1.19,

G,11,Sample X83,0.022,0.023,0.024,0.024,0.024,0.025,0.025,0.024,0.068,0.043,0.025,0.056,0.025,0.025,0.025,0.025,0.025,0.025,0.029,0.026,0.026,0.028,0.025,0.025,0.026,0.025,0.026,0.026,0.026,0.026,0.026,0.025,0.026,0.026,0.026,0.027,0.027,0.026,0.026,0.027,0.026,0.027,0.028,0.027,0.027,0.027,0.027,0.027,0.027,0.027,0.027,0.027,0.027,0.027,0.027,0.027,0.027,0.028,0.027,0.027,0.027,0.027,0.028,0.027,0.027,0.027,0.028,0.027,0.027,0.027,0.027,0.027,0.027,0.028,0.028,0.028,0.028,0.028,0.028,0.028,0.027,0.028,0.028,0.028,0.028,0.028,0.028,0.027,0.028,0.028,0.028,0.029,0.028,0.028,0.028,0.028,0.028,0.028,0.024,0.024,0.025,0.025,0.025,0.025,0.025,0.025,0.025,0.025,0.025,0.025,0.025,0.026,0.026,0.025,0.026,0.025,0.025,0.025,0.026,0.026,0.026,0.026,0.025,0.026,0.026,0.025,0.025,0.026,0.026,

G,12,Sample X84,0.024,0.025,0.026,0.026,0.025,0.026,0.026,0.027,0.056,0.026,0.027,0.025,0.027,0.027,0.026,0.027,0.027,0.028,0.026,0.027,0.028,0.027,0.027,0.028,0.027,0.029,0.029,0.028,0.029,0.03,0.029,0.031,0.03,0.032,0.031,0.03,0.029,0.028,0.027,0.027,0.028,0.027,0.027,0.027,0.027,0.027,0.028,0.028,0.026,0.027,0.028,0.027,0.028,0.028,0.027,0.028,0.028,0.028,0.028,0.028,0.029,0.028,0.028,0.029,0.028,0.028,0.028,0.028,0.029,0.028,0.028,0.028,0.028,0.029,0.029,0.029,0.029,0.029,0.029,0.028,0.029,0.029,0.029,0.028,0.028,0.029,0.029,0.028,0.029,0.029,0.029,0.029,0.029,0.029,0.029,0.029,0.029,0.03,0.029,0.03,0.03,0.03,0.029,0.03,0.03,0.03,0.03,0.03,0.03,0.031,0.03,0.03,0.031,0.03,0.031,0.03,0.03,0.03,0.031,0.03,0.031,0.031,0.03,0.031,0.031,0.031,0.031,0.032,0.031,

H,1,Sample X85,0.05,0.05,0.049,0.05,0.049,0.05,0.05,0.05,0.05,0.05,0.05,0.051,0.051,0.051,0.05,0.051,0.051,0.051,0.051,0.051,0.051,0.052,0.051,0.051,0.052,0.052,0.052,0.052,0.052,0.053,0.051,0.052,0.052,0.052,0.052,0.053,0.052,0.052,0.052,0.052,0.052,0.052,0.052,0.052,0.052,0.052,0.052,0.052,0.051,0.052,0.052,0.052,0.051,0.051,0.051,0.052,0.051,0.052,0.051,0.051,0.051,0.051,0.052,0.052,0.051,0.051,0.051,0.051,0.051,0.05,0.051,0.051,0.05,0.051,0.051,0.05,0.051,0.05,0.05,0.05,0.05,0.05,0.05,0.049,0.049,0.049,0.049,0.049,0.049,0.049,0.049,0.048,0.048,0.048,0.048,0.048,0.047,0.048,0.047,0.047,0.047,0.046,0.046,0.046,0.045,0.046,0.045,0.045,0.044,0.044,0.043,0.043,0.043,0.042,0.041,0.041,0.041,0.04,0.039,0.039,0.038,0.037,0.036,0.035,0.034,0.033,0.032,0.029,0.025,

H,2,Sample X86,0.051,0.05,0.05,0.05,0.05,0.05,0.051,0.051,0.051,0.051,0.051,0.051,0.051,0.051,0.051,0.051,0.051,0.051,0.051,0.051,0.051,0.052,0.051,0.051,0.051,0.051,0.052,0.052,0.051,0.052,0.051,0.052,0.052,0.052,0.052,0.052,0.052,0.052,0.052,0.052,0.052,0.052,0.052,0.051,0.052,0.052,0.052,0.052,0.052,0.051,0.052,0.052,0.052,0.052,0.051,0.052,0.051,0.052,0.052,0.052,0.051,0.052,0.052,0.052,0.052,0.052,0.051,0.051,0.051,0.051,0.051,0.051,0.051,0.052,0.052,0.051,0.051,0.051,0.051,0.051,0.051,0.051,0.051,0.05,0.051,0.051,0.051,0.051,0.051,0.051,0.051,0.05,0.05,0.051,0.05,0.051,0.05,0.05,0.05,0.05,0.05,0.05,0.05,0.05,0.049,0.049,0.049,0.049,0.049,0.049,0.049,0.049,0.049,0.048,0.048,0.048,0.048,0.048,0.048,0.048,0.047,0.048,0.047,0.047,0.047,0.047,0.046,0.047,0.046,

H,3,Sample X87,0.05,0.05,0.05,0.05,0.05,0.05,0.049,0.05,0.05,0.05,0.05,0.05,0.051,0.05,0.05,0.05,0.051,0.051,0.05,0.051,0.051,0.052,0.051,0.051,0.051,0.051,0.052,0.051,0.051,0.052,0.052,0.052,0.051,0.052,0.052,0.052,0.052,0.052,0.052,0.052,0.052,0.052,0.052,0.052,0.052,0.052,0.052,0.052,0.052,0.052,0.052,0.052,0.052,0.052,0.052,0.053,0.052,0.052,0.052,0.052,0.052,0.052,0.052,0.052,0.052,0.052,0.052,0.052,0.052,0.052,0.052,0.052,0.051,0.052,0.052,0.052,0.052,0.051,0.051,0.051,0.051,0.052,0.051,0.051,0.051,0.051,0.051,0.051,0.05,0.051,0.051,0.051,0.05,0.051,0.05,0.051,0.05,0.051,0.05,0.051,0.05,0.05,0.05,0.05,0.05,0.05,0.05,0.05,0.049,0.05,0.05,0.05,0.05,0.049,0.05,0.049,0.049,0.049,0.049,0.049,0.049,0.049,0.048,0.048,0.048,0.048,0.048,0.048,0.048,

H,4,Sample X88,0.051,0.051,0.051,0.051,0.05,0.051,0.051,0.051,0.051,0.051,0.051,0.051,0.052,0.051,0.051,0.052,0.052,0.052,0.052,0.052,0.052,0.052,0.052,0.052,0.052,0.052,0.053,0.052,0.052,0.052,0.053,0.052,0.052,0.053,0.053,0.053,0.052,0.053,0.052,0.053,0.053,0.053,0.053,0.052,0.053,0.053,0.052,0.053,0.052,0.052,0.053,0.052,0.053,0.052,0.053,0.052,0.052,0.053,0.052,0.052,0.052,0.052,0.052,0.052,0.052,0.052,0.052,0.052,0.052,0.052,0.052,0.051,0.052,0.052,0.052,0.052,0.052,0.052,0.052,0.051,0.052,0.051,0.051,0.051,0.051,0.051,0.051,0.051,0.051,0.051,0.051,0.051,0.05,0.051,0.05,0.051,0.05,0.05,0.05,0.05,0.05,0.05,0.05,0.05,0.049,0.049,0.049,0.049,0.049,0.049,0.049,0.049,0.049,0.048,0.048,0.048,0.048,0.048,0.048,0.047,0.047,0.047,0.046,0.046,0.046,0.046,0.045,0.046,0.045,

H,5,Sample X89,0.052,0.051,0.051,0.051,0.051,0.051,0.05,0.051,0.05,0.051,0.05,0.05,0.051,0.051,0.051,0.05,0.05,0.051,0.05,0.05,0.05,0.051,0.05,0.05,0.051,0.051,0.051,0.051,0.051,0.051,0.051,0.051,0.05,0.051,0.051,0.051,0.051,0.051,0.051,0.051,0.051,0.051,0.051,0.051,0.051,0.051,0.051,0.051,0.05,0.051,0.051,0.051,0.051,0.051,0.051,0.051,0.05,0.051,0.05,0.051,0.051,0.05,0.051,0.051,0.05,0.051,0.051,0.05,0.05,0.05,0.05,0.05,0.05,0.051,0.051,0.051,0.05,0.05,0.05,0.05,0.05,0.05,0.05,0.05,0.05,0.051,0.049,0.049,0.049,0.05,0.049,0.049,0.049,0.049,0.049,0.049,0.048,0.049,0.048,0.049,0.048,0.048,0.048,0.049,0.048,0.048,0.049,0.048,0.048,0.049,0.048,0.047,0.048,0.047,0.047,0.046,0.047,0.046,0.046,0.046,0.046,0.046,0.045,0.045,0.045,0.045,0.044,0.044,0.044,

H,6,Sample X90,0.052,0.052,0.051,0.051,0.051,0.051,0.051,0.051,0.051,0.051,0.051,0.051,0.051,0.051,0.051,0.051,0.051,0.051,0.051,0.051,0.051,0.052,0.051,0.051,0.051,0.051,0.051,0.051,0.051,0.051,0.051,0.051,0.051,0.051,0.051,0.052,0.051,0.051,0.051,0.051,0.051,0.052,0.051,0.051,0.051,0.051,0.051,0.051,0.051,0.051,0.051,0.051,0.051,0.051,0.051,0.051,0.051,0.051,0.051,0.051,0.05,0.051,0.051,0.051,0.051,0.051,0.051,0.051,0.05,0.05,0.05,0.05,0.05,0.051,0.05,0.05,0.05,0.051,0.051,0.05,0.05,0.05,0.05,0.05,0.05,0.05,0.05,0.05,0.05,0.05,0.05,0.05,0.049,0.05,0.049,0.049,0.049,0.05,0.049,0.049,0.049,0.049,0.049,0.049,0.049,0.049,0.049,0.049,0.048,0.049,0.048,0.048,0.048,0.048,0.048,0.048,0.048,0.047,0.048,0.048,0.047,0.047,0.047,0.047,0.047,0.047,0.046,0.046,0.046,

H,7,Sample X91,0.051,0.051,0.05,0.05,0.05,0.05,0.05,0.05,0.05,0.051,0.051,0.051,0.051,0.051,0.051,0.051,0.051,0.051,0.051,0.051,0.051,0.051,0.051,0.051,0.051,0.051,0.051,0.055,0.051,0.051,0.051,0.051,0.051,0.051,0.051,0.051,0.051,0.051,0.051,0.051,0.051,0.051,0.051,0.051,0.051,0.051,0.051,0.05,0.051,0.051,0.051,0.051,0.05,0.05,0.05,0.051,0.05,0.051,0.05,0.05,0.05,0.05,0.05,0.051,0.05,0.05,0.05,0.05,0.05,0.05,0.05,0.05,0.05,0.05,0.05,0.05,0.05,0.05,0.05,0.05,0.05,0.05,0.05,0.049,0.049,0.05,0.049,0.049,0.049,0.049,0.049,0.049,0.048,0.049,0.049,0.049,0.048,0.048,0.048,0.048,0.048,0.048,0.048,0.048,0.048,0.054,0.048,0.053,0.047,0.048,0.048,0.047,0.047,0.055,0.047,0.046,0.051,0.046,0.046,0.051,0.046,0.056,0.056,0.049,0.045,0.047,0.044,0.05,0.044,

H,8,Sample X92,0.056,0.052,0.051,0.051,0.051,0.051,0.051,0.051,0.051,0.051,0.051,0.051,0.052,0.052,0.051,0.051,0.052,0.052,0.051,0.051,0.051,0.052,0.051,0.052,0.051,0.051,0.052,0.051,0.051,0.052,0.052,0.051,0.051,0.052,0.051,0.052,0.051,0.051,0.051,0.051,0.051,0.052,0.051,0.052,0.052,0.052,0.051,0.052,0.051,0.051,0.052,0.051,0.051,0.051,0.051,0.051,0.051,0.052,0.051,0.051,0.051,0.051,0.051,0.052,0.051,0.051,0.051,0.051,0.051,0.051,0.051,0.051,0.051,0.051,0.051,0.051,0.051,0.051,0.051,0.051,0.051,0.051,0.051,0.05,0.05,0.052,0.05,0.05,0.051,0.05,0.05,0.05,0.05,0.05,0.05,0.05,0.049,0.05,0.049,0.049,0.049,0.049,0.049,0.05,0.049,0.049,0.05,0.049,0.049,0.049,0.048,0.048,0.049,0.048,0.048,0.048,0.048,0.047,0.048,0.047,0.047,0.047,0.046,0.046,0.046,0.046,0.045,0.045,0.045,

H,9,Sample X93,0.085,0.084,0.084,0.083,0.082,0.082,0.08,0.081,0.081,0.08,0.079,0.08,0.081,0.08,0.08,0.08,0.08,0.079,0.08,0.079,0.08,0.08,0.08,0.079,0.079,0.079,0.079,0.079,0.078,0.08,0.078,0.079,0.079,0.079,0.079,0.079,0.079,0.078,0.078,0.078,0.077,0.077,0.078,0.077,0.078,0.078,0.077,0.078,0.076,0.078,0.077,0.078,0.078,0.077,0.078,0.077,0.077,0.078,0.078,0.077,0.077,0.077,0.078,0.077,0.078,0.077,0.077,0.078,0.077,0.077,0.077,0.077,0.077,0.078,0.078,0.077,0.078,0.077,0.076,0.077,0.077,0.077,0.076,0.077,0.076,0.077,0.075,0.076,0.075,0.078,0.075,0.077,0.075,0.077,0.076,0.077,0.075,0.077,0.075,0.076,0.075,0.076,0.075,0.076,0.075,0.075,0.075,0.075,0.075,0.075,0.076,0.075,0.076,0.074,0.075,0.074,0.075,0.074,0.074,0.074,0.073,0.074,0.073,0.073,0.072,0.073,0.072,0.073,0.073,

H,10,Sample X94,0.056,0.056,0.055,0.055,0.055,0.055,0.055,0.055,0.055,0.055,0.055,0.056,0.055,0.056,0.055,0.055,0.056,0.056,0.055,0.055,0.055,0.056,0.055,0.056,0.055,0.055,0.056,0.055,0.055,0.056,0.055,0.056,0.055,0.055,0.055,0.056,0.055,0.055,0.055,0.055,0.055,0.055,0.055,0.055,0.055,0.055,0.055,0.055,0.054,0.055,0.055,0.055,0.055,0.055,0.054,0.055,0.054,0.055,0.054,0.054,0.055,0.054,0.055,0.055,0.054,0.054,0.055,0.053,0.054,0.054,0.054,0.054,0.054,0.054,0.054,0.054,0.054,0.054,0.054,0.053,0.053,0.054,0.054,0.053,0.053,0.053,0.052,0.052,0.053,0.053,0.052,0.052,0.051,0.052,0.052,0.051,0.051,0.052,0.051,0.051,0.051,0.051,0.051,0.05,0.05,0.05,0.05,0.049,0.049,0.049,0.048,0.048,0.048,0.047,0.047,0.046,0.046,0.045,0.045,0.044,0.044,0.043,0.042,0.042,0.041,0.041,0.039,0.039,0.038,

H,11,Sample X95,0.057,0.057,0.056,0.056,0.055,0.056,0.055,0.055,0.055,0.055,0.055,0.054,0.054,0.054,0.054,0.053,0.053,0.054,0.053,0.053,0.053,0.053,0.053,0.053,0.053,0.052,0.053,0.052,0.052,0.053,0.052,0.052,0.052,0.052,0.052,0.052,0.052,0.052,0.051,0.052,0.052,0.052,0.052,0.051,0.051,0.052,0.051,0.051,0.051,0.052,0.052,0.052,0.051,0.052,0.051,0.051,0.051,0.052,0.051,0.051,0.051,0.051,0.051,0.052,0.051,0.052,0.051,0.051,0.051,0.051,0.051,0.051,0.051,0.051,0.051,0.051,0.051,0.051,0.051,0.051,0.051,0.051,0.051,0.05,0.051,0.051,0.05,0.05,0.05,0.051,0.05,0.051,0.05,0.05,0.05,0.05,0.049,0.05,0.049,0.049,0.049,0.049,0.049,0.048,0.048,0.049,0.048,0.047,0.047,0.047,0.047,0.047,0.047,0.046,0.046,0.045,0.045,0.044,0.044,0.043,0.043,0.043,0.042,0.042,0.041,0.041,0.04,0.039,0.038,

H,12,Sample X96,0.057,0.057,0.056,0.056,0.055,0.056,0.055,0.055,0.054,0.055,0.054,0.054,0.054,0.054,0.053,0.053,0.053,0.053,0.053,0.053,0.053,0.053,0.052,0.053,0.052,0.052,0.052,0.052,0.052,0.052,0.052,0.052,0.051,0.052,0.052,0.052,0.052,0.051,0.051,0.052,0.052,0.051,0.051,0.051,0.051,0.051,0.051,0.051,0.051,0.051,0.051,0.051,0.051,0.051,0.051,0.051,0.05,0.051,0.05,0.05,0.05,0.051,0.051,0.05,0.05,0.05,0.05,0.05,0.05,0.05,0.049,0.049,0.049,0.049,0.049,0.049,0.049,0.05,0.049,0.048,0.051,0.053,0.054,0.057,0.061,0.069,0.065,0.072,0.074,0.075,0.076,0.075,0.074,0.074,0.072,0.072,0.07,0.068,0.064,0.063,0.061,0.052,0.035,0.062,0.034,0.029,0.027,0.028,0.023,0.024,0.024,0.026,0.029,0.022,0.043,0.023,0.023,0.023,0.024,0.023,0.024,0.024,0.023,0.024,0.024,0.023,0.023,0.024,0.024,



